Flash Attention 3 loaded (repo=kernels-community/flash-attn3, cap=(8, 9))
Loading tokenizer...
Vocab size: 8,192
Model config: {'sequence_len': 2048, 'vocab_size': 8192, 'n_layer': 8, 'n_head': 4, 'n_kv_head': 4, 'n_embd': 512, 'window_pattern': 'LOG'}
Initializing model...
  model init done
Parameter counts:
  wte                     : 4,194,304
  value_embeds            : 16,777,216
  lm_head                 : 4,194,304
  transformer_matrices    : 29,364,752
  scalars                 : 16
  summarizers             : 528,384
  stochastic              : 1,048,576
  total                   : 56,107,552
Estimated FLOPs per token: 2.564292e+08
Scaling AdamW LRs by 1/sqrt(512/768) = 1.224745
Compiling model (first run: slow, cached thereafter)...
Pre-warming kernels (dummy fwd+bwd — may take several minutes on cold cache)...
I0316 16:37:39.288000 354230 .venv/lib/python3.10/site-packages/torch/_dynamo/utils.py:1749] [0/0] ChromiumEventLogger initialized with id 63183b9c-2b19-44d5-93a7-65d02b49b52b
I0316 16:37:39.291000 354230 .venv/lib/python3.10/site-packages/torch/_dynamo/symbolic_convert.py:3859] [0/0] Step 1: torchdynamo start tracing forward /home/hata/autoresearch/train.py:507
I0316 16:37:39.292000 354230 .venv/lib/python3.10/site-packages/torch/fx/experimental/symbolic_shapes.py:3769] [0/0] create_env
I0316 16:37:40.866000 354230 .venv/lib/python3.10/site-packages/torch/_dynamo/symbolic_convert.py:4076] [0/0] Step 1: torchdynamo done tracing forward (RETURN_VALUE)
I0316 16:37:40.887000 354230 .venv/lib/python3.10/site-packages/torch/_dynamo/output_graph.py:2167] [0/0] Step 2: calling compiler function inductor
I0316 16:37:44.904000 354230 .venv/lib/python3.10/site-packages/torch/_inductor/analysis/device_info.py:181] [0/0] Device NVIDIA GeForce RTX 4080 not in datasheet, returning None
I0316 16:37:46.377000 354230 .venv/lib/python3.10/site-packages/torch/_inductor/codecache.py:1586] [0/0] fx graph cache miss for key fme55ry7dg63bltw7fuetif6ck3ow2dpnujrdgmg5v7ru2jvgihm
I0316 16:37:46.378000 354230 .venv/lib/python3.10/site-packages/torch/_inductor/compile_fx.py:1203] [0/0] Step 3: torchinductor compiling FORWARDS graph 0
I0316 16:37:46.760000 354230 .venv/lib/python3.10/site-packages/torch/_inductor/template_heuristics/registry.py:65] [0/0] Registered template heuristic: ATenConfigHeuristics for 'template_name='aten::bmm_dtype'', 'device_type='cuda'', 'op_name=None'
I0316 16:37:46.760000 354230 .venv/lib/python3.10/site-packages/torch/_inductor/template_heuristics/registry.py:65] [0/0] Registered template heuristic: ATenConfigHeuristics for 'template_name='aten::_mm_plus_mm'', 'device_type=None', 'op_name=None'
I0316 16:37:46.760000 354230 .venv/lib/python3.10/site-packages/torch/_inductor/template_heuristics/registry.py:65] [0/0] Registered template heuristic: ATenConfigHeuristics for 'template_name='aten::bmm'', 'device_type=None', 'op_name=None'
I0316 16:37:46.760000 354230 .venv/lib/python3.10/site-packages/torch/_inductor/template_heuristics/registry.py:65] [0/0] Registered template heuristic: ATenConfigHeuristics for 'template_name='aten::_int_mm'', 'device_type=None', 'op_name=None'
I0316 16:37:46.760000 354230 .venv/lib/python3.10/site-packages/torch/_inductor/template_heuristics/registry.py:65] [0/0] Registered template heuristic: ATenConfigHeuristics for 'template_name='aten::_scaled_mm'', 'device_type=None', 'op_name=None'
I0316 16:37:46.760000 354230 .venv/lib/python3.10/site-packages/torch/_inductor/template_heuristics/registry.py:65] [0/0] Registered template heuristic: ATenConfigHeuristics for 'template_name='aten::mm'', 'device_type=None', 'op_name=None'
I0316 16:37:46.760000 354230 .venv/lib/python3.10/site-packages/torch/_inductor/template_heuristics/registry.py:65] [0/0] Registered template heuristic: ATenAddMMConfigHeuristics for 'template_name='aten::baddbmm'', 'device_type=None', 'op_name='baddbmm''
I0316 16:37:46.760000 354230 .venv/lib/python3.10/site-packages/torch/_inductor/template_heuristics/registry.py:65] [0/0] Registered template heuristic: ATenAddMMConfigHeuristics for 'template_name='aten::addmm'', 'device_type=None', 'op_name='addmm''
I0316 16:37:46.761000 354230 .venv/lib/python3.10/site-packages/torch/_inductor/template_heuristics/registry.py:65] [0/0] Registered template heuristic: ATenBiasAddMMConfigHeuristics for 'template_name='aten::bias_addmm'', 'device_type=None', 'op_name='addmm''
I0316 16:37:46.761000 354230 .venv/lib/python3.10/site-packages/torch/_inductor/template_heuristics/registry.py:65] [0/0] Registered template heuristic: EmptyContiguousMMConfigHeuristics for 'template_name='contiguous_addmm'', 'device_type=None', 'op_name='addmm''
I0316 16:37:46.761000 354230 .venv/lib/python3.10/site-packages/torch/_inductor/template_heuristics/registry.py:65] [0/0] Registered template heuristic: EmptyContiguousMMConfigHeuristics for 'template_name='contiguous_mm'', 'device_type=None', 'op_name='mm''
I0316 16:37:46.761000 354230 .venv/lib/python3.10/site-packages/torch/_inductor/template_heuristics/registry.py:65] [0/0] Registered template heuristic: EmptyDecomposeKConfigHeuristics for 'template_name='decompose_k'', 'device_type=None', 'op_name='mm''
I0316 16:37:46.761000 354230 .venv/lib/python3.10/site-packages/torch/_inductor/template_heuristics/registry.py:65] [0/0] Registered template heuristic: DecomposeKConfigHeuristics for 'template_name='decompose_k'', 'device_type='cuda'', 'op_name='mm''
I0316 16:37:46.763000 354230 .venv/lib/python3.10/site-packages/torch/_inductor/template_heuristics/registry.py:65] [0/0] Registered template heuristic: CUDAMMTemplateConfigHeuristic for 'template_name='triton::bmm'', 'device_type='cuda'', 'op_name=None'
I0316 16:37:46.763000 354230 .venv/lib/python3.10/site-packages/torch/_inductor/template_heuristics/registry.py:65] [0/0] Registered template heuristic: CUDAMMTemplateConfigHeuristic for 'template_name='triton::mm'', 'device_type='cuda'', 'op_name=None'
I0316 16:37:46.763000 354230 .venv/lib/python3.10/site-packages/torch/_inductor/template_heuristics/registry.py:65] [0/0] Registered template heuristic: CUDAAddMMTemplateConfigHeuristic for 'template_name='triton::bmm'', 'device_type='cuda'', 'op_name='baddbmm''
I0316 16:37:46.763000 354230 .venv/lib/python3.10/site-packages/torch/_inductor/template_heuristics/registry.py:65] [0/0] Registered template heuristic: CUDAAddMMTemplateConfigHeuristic for 'template_name='triton::mm'', 'device_type='cuda'', 'op_name='addmm''
I0316 16:37:46.763000 354230 .venv/lib/python3.10/site-packages/torch/_inductor/template_heuristics/registry.py:65] [0/0] Registered template heuristic: CUDAMMAHTemplateConfigHeuristic for 'template_name='triton::mm'', 'device_type='cuda'', 'op_name='mm-ah''
I0316 16:37:46.763000 354230 .venv/lib/python3.10/site-packages/torch/_inductor/template_heuristics/registry.py:65] [0/0] Registered template heuristic: CUDAPersistentTMATemplateConfigHeuristic for 'template_name='triton::mm_persistent_tma'', 'device_type='cuda'', 'op_name=None'
I0316 16:37:46.763000 354230 .venv/lib/python3.10/site-packages/torch/_inductor/template_heuristics/registry.py:65] [0/0] Registered template heuristic: CUDAAddmmPersistentTMATemplateConfigHeuristic for 'template_name='triton::mm_persistent_tma'', 'device_type='cuda'', 'op_name='addmm''
I0316 16:37:46.764000 354230 .venv/lib/python3.10/site-packages/torch/_inductor/template_heuristics/registry.py:65] [0/0] Registered template heuristic: CUDAScaledMMTemplateConfigHeuristic for 'template_name='triton::mm'', 'device_type='cuda'', 'op_name='scaled_mm''
I0316 16:37:46.764000 354230 .venv/lib/python3.10/site-packages/torch/_inductor/template_heuristics/registry.py:65] [0/0] Registered template heuristic: CUDAScaledTMATemplateConfigHeuristic for 'template_name='triton::scaled_mm_device_tma'', 'device_type='cuda'', 'op_name=None'
I0316 16:37:46.764000 354230 .venv/lib/python3.10/site-packages/torch/_inductor/template_heuristics/registry.py:65] [0/0] Registered template heuristic: CUDAMMPlusMMTemplateConfigHeuristic for 'template_name='triton::mm_plus_mm'', 'device_type='cuda'', 'op_name=None'
I0316 16:37:46.764000 354230 .venv/lib/python3.10/site-packages/torch/_inductor/template_heuristics/registry.py:65] [0/0] Registered template heuristic: CUDAInt8MMTemplateConfigHeuristic for 'template_name='triton::mm'', 'device_type='cuda'', 'op_name='int_mm''
I0316 16:37:46.764000 354230 .venv/lib/python3.10/site-packages/torch/_inductor/template_heuristics/registry.py:65] [0/0] Registered template heuristic: CPUMMTemplateConfigHeuristic for 'template_name='triton::bmm'', 'device_type='cpu'', 'op_name=None'
I0316 16:37:46.764000 354230 .venv/lib/python3.10/site-packages/torch/_inductor/template_heuristics/registry.py:65] [0/0] Registered template heuristic: CPUMMTemplateConfigHeuristic for 'template_name='triton::mm'', 'device_type='cpu'', 'op_name=None'
I0316 16:37:46.764000 354230 .venv/lib/python3.10/site-packages/torch/_inductor/template_heuristics/registry.py:65] [0/0] Registered template heuristic: CPUAddmmTemplateConfigHeuristic for 'template_name='triton::bmm'', 'device_type='cpu'', 'op_name='baddbmm''
I0316 16:37:46.764000 354230 .venv/lib/python3.10/site-packages/torch/_inductor/template_heuristics/registry.py:65] [0/0] Registered template heuristic: CPUAddmmTemplateConfigHeuristic for 'template_name='triton::mm'', 'device_type='cpu'', 'op_name='addmm''
I0316 16:37:46.764000 354230 .venv/lib/python3.10/site-packages/torch/_inductor/template_heuristics/registry.py:65] [0/0] Registered template heuristic: CPUScaledMMTemplateConfigHeuristic for 'template_name='triton::mm'', 'device_type='cpu'', 'op_name='scaled_mm''
I0316 16:37:46.764000 354230 .venv/lib/python3.10/site-packages/torch/_inductor/template_heuristics/registry.py:65] [0/0] Registered template heuristic: CPUInt8MMTemplateConfigHeuristic for 'template_name='triton::mm'', 'device_type='cpu'', 'op_name='int_mm''
I0316 16:37:46.764000 354230 .venv/lib/python3.10/site-packages/torch/_inductor/template_heuristics/registry.py:65] [0/0] Registered template heuristic: CPUMMPlusMMTemplateConfigHeuristic for 'template_name='triton::mm_plus_mm'', 'device_type='cpu'', 'op_name=None'
I0316 16:37:46.764000 354230 .venv/lib/python3.10/site-packages/torch/_inductor/template_heuristics/registry.py:65] [0/0] Registered template heuristic: XPUMMTemplateConfigHeuristic for 'template_name='triton::bmm'', 'device_type='xpu'', 'op_name=None'
I0316 16:37:46.764000 354230 .venv/lib/python3.10/site-packages/torch/_inductor/template_heuristics/registry.py:65] [0/0] Registered template heuristic: XPUMMTemplateConfigHeuristic for 'template_name='triton::mm'', 'device_type='xpu'', 'op_name=None'
I0316 16:37:46.764000 354230 .venv/lib/python3.10/site-packages/torch/_inductor/template_heuristics/registry.py:65] [0/0] Registered template heuristic: XPUAddmmTemplateConfigHeuristic for 'template_name='triton::bmm'', 'device_type='xpu'', 'op_name='baddbmm''
I0316 16:37:46.765000 354230 .venv/lib/python3.10/site-packages/torch/_inductor/template_heuristics/registry.py:65] [0/0] Registered template heuristic: XPUAddmmTemplateConfigHeuristic for 'template_name='triton::mm'', 'device_type='xpu'', 'op_name='addmm''
I0316 16:37:46.765000 354230 .venv/lib/python3.10/site-packages/torch/_inductor/template_heuristics/registry.py:65] [0/0] Registered template heuristic: XPUPersistentTMATemplateConfigHeuristic for 'template_name='triton::mm_persistent_tma'', 'device_type='xpu'', 'op_name=None'
I0316 16:37:46.765000 354230 .venv/lib/python3.10/site-packages/torch/_inductor/template_heuristics/registry.py:65] [0/0] Registered template heuristic: XPUAddmmPersistentTMATemplateConfigHeuristic for 'template_name='triton::mm_persistent_tma'', 'device_type='xpu'', 'op_name='addmm''
I0316 16:37:46.765000 354230 .venv/lib/python3.10/site-packages/torch/_inductor/template_heuristics/registry.py:65] [0/0] Registered template heuristic: XPUScaledMMTemplateConfigHeuristic for 'template_name='triton::mm'', 'device_type='xpu'', 'op_name='scaled_mm''
I0316 16:37:46.765000 354230 .venv/lib/python3.10/site-packages/torch/_inductor/template_heuristics/registry.py:65] [0/0] Registered template heuristic: XPUInt8MMTemplateConfigHeuristic for 'template_name='triton::mm'', 'device_type='xpu'', 'op_name='int_mm''
I0316 16:37:46.765000 354230 .venv/lib/python3.10/site-packages/torch/_inductor/template_heuristics/registry.py:65] [0/0] Registered template heuristic: XPUMMPlusMMTemplateConfigHeuristic for 'template_name='triton::mm_plus_mm'', 'device_type='xpu'', 'op_name=None'
I0316 16:37:46.765000 354230 .venv/lib/python3.10/site-packages/torch/_inductor/template_heuristics/registry.py:65] [0/0] Registered template heuristic: MTIAMMTemplateConfigHeuristic for 'template_name='triton::bmm'', 'device_type='mtia'', 'op_name=None'
I0316 16:37:46.765000 354230 .venv/lib/python3.10/site-packages/torch/_inductor/template_heuristics/registry.py:65] [0/0] Registered template heuristic: MTIAMMTemplateConfigHeuristic for 'template_name='triton::mm'', 'device_type='mtia'', 'op_name=None'
I0316 16:37:46.765000 354230 .venv/lib/python3.10/site-packages/torch/_inductor/template_heuristics/registry.py:65] [0/0] Registered template heuristic: MTIAAddMMTemplateConfigHeuristic for 'template_name='triton::bmm'', 'device_type='mtia'', 'op_name='baddbmm''
I0316 16:37:46.765000 354230 .venv/lib/python3.10/site-packages/torch/_inductor/template_heuristics/registry.py:65] [0/0] Registered template heuristic: MTIAAddMMTemplateConfigHeuristic for 'template_name='triton::mm'', 'device_type='mtia'', 'op_name='addmm''
I0316 16:37:46.765000 354230 .venv/lib/python3.10/site-packages/torch/_inductor/template_heuristics/registry.py:65] [0/0] Registered template heuristic: MTIAScaledMMTemplateConfigHeuristic for 'template_name='triton::mm'', 'device_type='mtia'', 'op_name='scaled_mm''
I0316 16:37:46.765000 354230 .venv/lib/python3.10/site-packages/torch/_inductor/template_heuristics/registry.py:65] [0/0] Registered template heuristic: MTIAInt8MMTemplateConfigHeuristic for 'template_name='triton::mm'', 'device_type='mtia'', 'op_name='int_mm''
I0316 16:37:46.765000 354230 .venv/lib/python3.10/site-packages/torch/_inductor/template_heuristics/registry.py:65] [0/0] Registered template heuristic: MTIAMMPlusMMTemplateConfigHeuristic for 'template_name='triton::mm_plus_mm'', 'device_type='mtia'', 'op_name=None'
I0316 16:37:46.792000 354230 .venv/lib/python3.10/site-packages/torch/_inductor/kernel/mm.py:738] [0/0] Tuned aten.mm: m=65536, n=512, k=512, mat1_dtype=torch.bfloat16, mat2_dtype=torch.bfloat16, output_layout=FixedLayout('cuda:0', torch.bfloat16, size=[65536, 512], stride=[512, 1])
I0316 16:37:46.796000 354230 .venv/lib/python3.10/site-packages/torch/_inductor/kernel/mm.py:738] [0/0] Tuned aten.mm: m=65536, n=512, k=512, mat1_dtype=torch.bfloat16, mat2_dtype=torch.bfloat16, output_layout=FixedLayout('cuda:0', torch.bfloat16, size=[65536, 512], stride=[512, 1])
I0316 16:37:46.798000 354230 .venv/lib/python3.10/site-packages/torch/_inductor/kernel/mm.py:738] [0/0] Tuned aten.mm: m=65536, n=512, k=512, mat1_dtype=torch.bfloat16, mat2_dtype=torch.bfloat16, output_layout=FixedLayout('cuda:0', torch.bfloat16, size=[65536, 512], stride=[512, 1])
I0316 16:37:46.828000 354230 .venv/lib/python3.10/site-packages/torch/_inductor/graph.py:1204] [0/0] Creating implicit fallback for:
I0316 16:37:46.828000 354230 .venv/lib/python3.10/site-packages/torch/_inductor/graph.py:1204] [0/0]   target: _flash_attn3_cuda_2d990fe._flash_attn_forward.default
I0316 16:37:46.828000 354230 .venv/lib/python3.10/site-packages/torch/_inductor/graph.py:1204] [0/0]   args[0]: TensorBox(StorageBox(
I0316 16:37:46.828000 354230 .venv/lib/python3.10/site-packages/torch/_inductor/graph.py:1204] [0/0]     ComputedBuffer(name='buf20', layout=FixedLayout('cuda:0', torch.bfloat16, size=[32, 2048, 4, 128], stride=[1048576, 512, 128, 1]), data=Pointwise(device=device(type='cuda', index=0), dtype=torch.bfloat16, inner_fn=<function make_pointwise.<locals>.inner.<locals>.inner_fn at 0x739048e05510>, ranges=[32, 2048, 4, 128]))
I0316 16:37:46.828000 354230 .venv/lib/python3.10/site-packages/torch/_inductor/graph.py:1204] [0/0]   ))
I0316 16:37:46.828000 354230 .venv/lib/python3.10/site-packages/torch/_inductor/graph.py:1204] [0/0]   args[1]: TensorBox(StorageBox(
I0316 16:37:46.828000 354230 .venv/lib/python3.10/site-packages/torch/_inductor/graph.py:1204] [0/0]     ComputedBuffer(name='buf19', layout=FixedLayout('cuda:0', torch.bfloat16, size=[32, 2048, 4, 128], stride=[1048576, 512, 128, 1]), data=Pointwise(device=device(type='cuda', index=0), dtype=torch.bfloat16, inner_fn=<function make_pointwise.<locals>.inner.<locals>.inner_fn at 0x739048e35510>, ranges=[32, 2048, 4, 128]))
I0316 16:37:46.828000 354230 .venv/lib/python3.10/site-packages/torch/_inductor/graph.py:1204] [0/0]   ))
I0316 16:37:46.828000 354230 .venv/lib/python3.10/site-packages/torch/_inductor/graph.py:1204] [0/0]   args[2]: TensorBox(
I0316 16:37:46.828000 354230 .venv/lib/python3.10/site-packages/torch/_inductor/graph.py:1204] [0/0]     ReinterpretView(
I0316 16:37:46.828000 354230 .venv/lib/python3.10/site-packages/torch/_inductor/graph.py:1204] [0/0]       StorageBox(
I0316 16:37:46.828000 354230 .venv/lib/python3.10/site-packages/torch/_inductor/graph.py:1204] [0/0]         ExternKernelOut(
I0316 16:37:46.828000 354230 .venv/lib/python3.10/site-packages/torch/_inductor/graph.py:1204] [0/0]           python_kernel_name='extern_kernels.mm',
I0316 16:37:46.828000 354230 .venv/lib/python3.10/site-packages/torch/_inductor/graph.py:1204] [0/0]           name=buf12,
I0316 16:37:46.828000 354230 .venv/lib/python3.10/site-packages/torch/_inductor/graph.py:1204] [0/0]           layout=FixedLayout('cuda:0', torch.bfloat16, size=[65536, 512], stride=[512, 1]),
I0316 16:37:46.828000 354230 .venv/lib/python3.10/site-packages/torch/_inductor/graph.py:1204] [0/0]           inputs=[ReinterpretView(
I0316 16:37:46.828000 354230 .venv/lib/python3.10/site-packages/torch/_inductor/graph.py:1204] [0/0]             StorageBox(
I0316 16:37:46.828000 354230 .venv/lib/python3.10/site-packages/torch/_inductor/graph.py:1204] [0/0]               ComputedBuffer(name='buf7', layout=FixedLayout('cuda:0', torch.bfloat16, size=[32, 2048, 512], stride=[1048576, 512, 1]), data=Pointwise(device=device(type='cuda', index=0), dtype=torch.bfloat16, inner_fn=<function make_pointwise.<locals>.inner.<locals>.inner_fn at 0x739048e07010>, ranges=[32, 2048, 512]))
I0316 16:37:46.828000 354230 .venv/lib/python3.10/site-packages/torch/_inductor/graph.py:1204] [0/0]             ),
I0316 16:37:46.828000 354230 .venv/lib/python3.10/site-packages/torch/_inductor/graph.py:1204] [0/0]             FixedLayout('cuda:0', torch.bfloat16, size=[65536, 512], stride=[512, 1]),
I0316 16:37:46.828000 354230 .venv/lib/python3.10/site-packages/torch/_inductor/graph.py:1204] [0/0]             origins=OrderedSet([mm_2, view, convert_element_type_3, mul_2...,
I0316 16:37:46.828000 354230 .venv/lib/python3.10/site-packages/torch/_inductor/graph.py:1204] [0/0]             stack_traces = {,
I0316 16:37:46.828000 354230 .venv/lib/python3.10/site-packages/torch/_inductor/graph.py:1204] [0/0]               File "/home/hata/autoresearch/train.py", line 532, in forward,
I0316 16:37:46.828000 354230 .venv/lib/python3.10/site-packages/torch/_inductor/graph.py:1204] [0/0]                 x = block(x, ve, cos_sin, self.window_sizes[i]),
I0316 16:37:46.828000 354230 .venv/lib/python3.10/site-packages/torch/_inductor/graph.py:1204] [0/0]               File "/home/hata/autoresearch/train.py", line 249, in forward,
I0316 16:37:46.828000 354230 .venv/lib/python3.10/site-packages/torch/_inductor/graph.py:1204] [0/0]                 out = x + self.attn(norm(x), ve, cos_sin, window_size),
I0316 16:37:46.828000 354230 .venv/lib/python3.10/site-packages/torch/_inductor/graph.py:1204] [0/0]               File "/home/hata/autoresearch/train.py", line 102, in forward,
I0316 16:37:46.828000 354230 .venv/lib/python3.10/site-packages/torch/_inductor/graph.py:1204] [0/0]                 v = self.c_v(x).view(B, T, self.n_kv_head, self.head_dim),
I0316 16:37:46.828000 354230 .venv/lib/python3.10/site-packages/torch/_inductor/graph.py:1204] [0/0]             ,
I0316 16:37:46.828000 354230 .venv/lib/python3.10/site-packages/torch/_inductor/graph.py:1204] [0/0]             },
I0316 16:37:46.828000 354230 .venv/lib/python3.10/site-packages/torch/_inductor/graph.py:1204] [0/0]             stack_traces = {,
I0316 16:37:46.828000 354230 .venv/lib/python3.10/site-packages/torch/_inductor/graph.py:1204] [0/0]               File "/home/hata/autoresearch/train.py", line 532, in forward,
I0316 16:37:46.828000 354230 .venv/lib/python3.10/site-packages/torch/_inductor/graph.py:1204] [0/0]                 x = block(x, ve, cos_sin, self.window_sizes[i]),
I0316 16:37:46.828000 354230 .venv/lib/python3.10/site-packages/torch/_inductor/graph.py:1204] [0/0]               File "/home/hata/autoresearch/train.py", line 249, in forward,
I0316 16:37:46.828000 354230 .venv/lib/python3.10/site-packages/torch/_inductor/graph.py:1204] [0/0]                 out = x + self.attn(norm(x), ve, cos_sin, window_size),
I0316 16:37:46.828000 354230 .venv/lib/python3.10/site-packages/torch/_inductor/graph.py:1204] [0/0]               File "/home/hata/autoresearch/train.py", line 100, in forward,
I0316 16:37:46.828000 354230 .venv/lib/python3.10/site-packages/torch/_inductor/graph.py:1204] [0/0]                 q = self.c_q(x).view(B, T, self.n_head, self.head_dim),
I0316 16:37:46.828000 354230 .venv/lib/python3.10/site-packages/torch/_inductor/graph.py:1204] [0/0]             ,
I0316 16:37:46.828000 354230 .venv/lib/python3.10/site-packages/torch/_inductor/graph.py:1204] [0/0]             },
I0316 16:37:46.828000 354230 .venv/lib/python3.10/site-packages/torch/_inductor/graph.py:1204] [0/0]             stack_traces = {,
I0316 16:37:46.828000 354230 .venv/lib/python3.10/site-packages/torch/_inductor/graph.py:1204] [0/0]               File "/home/hata/autoresearch/train.py", line 532, in forward,
I0316 16:37:46.828000 354230 .venv/lib/python3.10/site-packages/torch/_inductor/graph.py:1204] [0/0]                 x = block(x, ve, cos_sin, self.window_sizes[i]),
I0316 16:37:46.828000 354230 .venv/lib/python3.10/site-packages/torch/_inductor/graph.py:1204] [0/0]               File "/home/hata/autoresearch/train.py", line 249, in forward,
I0316 16:37:46.828000 354230 .venv/lib/python3.10/site-packages/torch/_inductor/graph.py:1204] [0/0]                 out = x + self.attn(norm(x), ve, cos_sin, window_size),
I0316 16:37:46.828000 354230 .venv/lib/python3.10/site-packages/torch/_inductor/graph.py:1204] [0/0]               File "/home/hata/autoresearch/train.py", line 61, in norm,
I0316 16:37:46.828000 354230 .venv/lib/python3.10/site-packages/torch/_inductor/graph.py:1204] [0/0]                 return F.rms_norm(x, (x.size(-1),)),
I0316 16:37:46.828000 354230 .venv/lib/python3.10/site-packages/torch/_inductor/graph.py:1204] [0/0]               File "/home/hata/autoresearch/.venv/lib/python3.10/site-packages/torch/nn/functional.py", line 2920, in rms_norm,
I0316 16:37:46.828000 354230 .venv/lib/python3.10/site-packages/torch/_inductor/graph.py:1204] [0/0]                 return torch.rms_norm(input, normalized_shape, weight, eps),
I0316 16:37:46.828000 354230 .venv/lib/python3.10/site-packages/torch/_inductor/graph.py:1204] [0/0]             ,
I0316 16:37:46.828000 354230 .venv/lib/python3.10/site-packages/torch/_inductor/graph.py:1204] [0/0]             },
I0316 16:37:46.828000 354230 .venv/lib/python3.10/site-packages/torch/_inductor/graph.py:1204] [0/0]             stack_traces = {,
I0316 16:37:46.828000 354230 .venv/lib/python3.10/site-packages/torch/_inductor/graph.py:1204] [0/0]               File "/home/hata/autoresearch/train.py", line 529, in forward,
I0316 16:37:46.828000 354230 .venv/lib/python3.10/site-packages/torch/_inductor/graph.py:1204] [0/0]                 x = resid_scales[i] * x,
I0316 16:37:46.828000 354230 .venv/lib/python3.10/site-packages/torch/_inductor/graph.py:1204] [0/0]             ,
I0316 16:37:46.828000 354230 .venv/lib/python3.10/site-packages/torch/_inductor/graph.py:1204] [0/0]             },
I0316 16:37:46.828000 354230 .venv/lib/python3.10/site-packages/torch/_inductor/graph.py:1204] [0/0]             stack_traces = {,
I0316 16:37:46.828000 354230 .venv/lib/python3.10/site-packages/torch/_inductor/graph.py:1204] [0/0]               File "/home/hata/autoresearch/train.py", line 518, in forward,
I0316 16:37:46.828000 354230 .venv/lib/python3.10/site-packages/torch/_inductor/graph.py:1204] [0/0]                 resid_scales = self.resid_lambdas.unbind(0),
I0316 16:37:46.828000 354230 .venv/lib/python3.10/site-packages/torch/_inductor/graph.py:1204] [0/0]             ,
I0316 16:37:46.828000 354230 .venv/lib/python3.10/site-packages/torch/_inductor/graph.py:1204] [0/0]             },
I0316 16:37:46.828000 354230 .venv/lib/python3.10/site-packages/torch/_inductor/graph.py:1204] [0/0]             stack_traces = {,
I0316 16:37:46.828000 354230 .venv/lib/python3.10/site-packages/torch/_inductor/graph.py:1204] [0/0]               File "/home/hata/autoresearch/train.py", line 513, in forward,
I0316 16:37:46.828000 354230 .venv/lib/python3.10/site-packages/torch/_inductor/graph.py:1204] [0/0]                 x = norm(x),
I0316 16:37:46.828000 354230 .venv/lib/python3.10/site-packages/torch/_inductor/graph.py:1204] [0/0]               File "/home/hata/autoresearch/train.py", line 61, in norm,
I0316 16:37:46.828000 354230 .venv/lib/python3.10/site-packages/torch/_inductor/graph.py:1204] [0/0]                 return F.rms_norm(x, (x.size(-1),)),
I0316 16:37:46.828000 354230 .venv/lib/python3.10/site-packages/torch/_inductor/graph.py:1204] [0/0]               File "/home/hata/autoresearch/.venv/lib/python3.10/site-packages/torch/nn/functional.py", line 2920, in rms_norm,
I0316 16:37:46.828000 354230 .venv/lib/python3.10/site-packages/torch/_inductor/graph.py:1204] [0/0]                 return torch.rms_norm(input, normalized_shape, weight, eps),
I0316 16:37:46.828000 354230 .venv/lib/python3.10/site-packages/torch/_inductor/graph.py:1204] [0/0]             ,
I0316 16:37:46.828000 354230 .venv/lib/python3.10/site-packages/torch/_inductor/graph.py:1204] [0/0]             }
I0316 16:37:46.828000 354230 .venv/lib/python3.10/site-packages/torch/_inductor/graph.py:1204] [0/0]           ), ComputedBuffer(name='buf11', layout=FixedLayout('cuda:0', torch.bfloat16, size=[512, 512], stride=[1, 512]), data=Pointwise(device=device(type='cuda', index=0), dtype=torch.bfloat16, inner_fn=<function BaseView.make_loader.<locals>.loader at 0x739048e06440>, ranges=[512, 512]))],
I0316 16:37:46.828000 354230 .venv/lib/python3.10/site-packages/torch/_inductor/graph.py:1204] [0/0]           constant_args=(),
I0316 16:37:46.828000 354230 .venv/lib/python3.10/site-packages/torch/_inductor/graph.py:1204] [0/0]           kwargs={},
I0316 16:37:46.828000 354230 .venv/lib/python3.10/site-packages/torch/_inductor/graph.py:1204] [0/0]           output_view=None,
I0316 16:37:46.828000 354230 .venv/lib/python3.10/site-packages/torch/_inductor/graph.py:1204] [0/0]           python_kernel_name=extern_kernels.mm,
I0316 16:37:46.828000 354230 .venv/lib/python3.10/site-packages/torch/_inductor/graph.py:1204] [0/0]           cpp_kernel_name=at::mm_out,
I0316 16:37:46.828000 354230 .venv/lib/python3.10/site-packages/torch/_inductor/graph.py:1204] [0/0]           ordered_kwargs_for_cpp_kernel=['out'],
I0316 16:37:46.828000 354230 .venv/lib/python3.10/site-packages/torch/_inductor/graph.py:1204] [0/0]           op_overload=aten.mm.out,
I0316 16:37:46.828000 354230 .venv/lib/python3.10/site-packages/torch/_inductor/graph.py:1204] [0/0]           arg_properties=[{'name': 'self', 'type': Tensor, 'default_value': None}, {'name': 'mat2', 'type': Tensor, 'default_value': None}],
I0316 16:37:46.828000 354230 .venv/lib/python3.10/site-packages/torch/_inductor/graph.py:1204] [0/0]           allarg_properties={'self': {'type': Tensor, 'default_value': None}, 'mat2': {'type': Tensor, 'default_value': None}, 'out': {'type': Tensor, 'default_value': None}},
I0316 16:37:46.828000 354230 .venv/lib/python3.10/site-packages/torch/_inductor/graph.py:1204] [0/0]           kwarg_properties=None,
I0316 16:37:46.828000 354230 .venv/lib/python3.10/site-packages/torch/_inductor/graph.py:1204] [0/0]           unbacked_bindings={},
I0316 16:37:46.828000 354230 .venv/lib/python3.10/site-packages/torch/_inductor/graph.py:1204] [0/0]           mutation_outputs=[],
I0316 16:37:46.828000 354230 .venv/lib/python3.10/site-packages/torch/_inductor/graph.py:1204] [0/0]           origin_node=mm_2,
I0316 16:37:46.828000 354230 .venv/lib/python3.10/site-packages/torch/_inductor/graph.py:1204] [0/0]           origins=OrderedSet([mm_2, view, convert_element_type_3, mul_2...,
I0316 16:37:46.828000 354230 .venv/lib/python3.10/site-packages/torch/_inductor/graph.py:1204] [0/0]           stack_traces = {,
I0316 16:37:46.828000 354230 .venv/lib/python3.10/site-packages/torch/_inductor/graph.py:1204] [0/0]             File "/home/hata/autoresearch/train.py", line 532, in forward,
I0316 16:37:46.828000 354230 .venv/lib/python3.10/site-packages/torch/_inductor/graph.py:1204] [0/0]               x = block(x, ve, cos_sin, self.window_sizes[i]),
I0316 16:37:46.828000 354230 .venv/lib/python3.10/site-packages/torch/_inductor/graph.py:1204] [0/0]             File "/home/hata/autoresearch/train.py", line 249, in forward,
I0316 16:37:46.828000 354230 .venv/lib/python3.10/site-packages/torch/_inductor/graph.py:1204] [0/0]               out = x + self.attn(norm(x), ve, cos_sin, window_size),
I0316 16:37:46.828000 354230 .venv/lib/python3.10/site-packages/torch/_inductor/graph.py:1204] [0/0]             File "/home/hata/autoresearch/train.py", line 102, in forward,
I0316 16:37:46.828000 354230 .venv/lib/python3.10/site-packages/torch/_inductor/graph.py:1204] [0/0]               v = self.c_v(x).view(B, T, self.n_kv_head, self.head_dim),
I0316 16:37:46.828000 354230 .venv/lib/python3.10/site-packages/torch/_inductor/graph.py:1204] [0/0]           ,
I0316 16:37:46.828000 354230 .venv/lib/python3.10/site-packages/torch/_inductor/graph.py:1204] [0/0]           }
I0316 16:37:46.828000 354230 .venv/lib/python3.10/site-packages/torch/_inductor/graph.py:1204] [0/0]         )
I0316 16:37:46.828000 354230 .venv/lib/python3.10/site-packages/torch/_inductor/graph.py:1204] [0/0]       ),
I0316 16:37:46.828000 354230 .venv/lib/python3.10/site-packages/torch/_inductor/graph.py:1204] [0/0]       FixedLayout('cuda:0', torch.bfloat16, size=[32, 2048, 4, 128], stride=[1048576, 512, 128, 1]),
I0316 16:37:46.828000 354230 .venv/lib/python3.10/site-packages/torch/_inductor/graph.py:1204] [0/0]       origins=OrderedSet([view_8, view_7]),
I0316 16:37:46.828000 354230 .venv/lib/python3.10/site-packages/torch/_inductor/graph.py:1204] [0/0]       stack_traces = {,
I0316 16:37:46.828000 354230 .venv/lib/python3.10/site-packages/torch/_inductor/graph.py:1204] [0/0]         File "/home/hata/autoresearch/train.py", line 532, in forward,
I0316 16:37:46.828000 354230 .venv/lib/python3.10/site-packages/torch/_inductor/graph.py:1204] [0/0]           x = block(x, ve, cos_sin, self.window_sizes[i]),
I0316 16:37:46.828000 354230 .venv/lib/python3.10/site-packages/torch/_inductor/graph.py:1204] [0/0]         File "/home/hata/autoresearch/train.py", line 249, in forward,
I0316 16:37:46.828000 354230 .venv/lib/python3.10/site-packages/torch/_inductor/graph.py:1204] [0/0]           out = x + self.attn(norm(x), ve, cos_sin, window_size),
I0316 16:37:46.828000 354230 .venv/lib/python3.10/site-packages/torch/_inductor/graph.py:1204] [0/0]         File "/home/hata/autoresearch/train.py", line 102, in forward,
I0316 16:37:46.828000 354230 .venv/lib/python3.10/site-packages/torch/_inductor/graph.py:1204] [0/0]           v = self.c_v(x).view(B, T, self.n_kv_head, self.head_dim),
I0316 16:37:46.828000 354230 .venv/lib/python3.10/site-packages/torch/_inductor/graph.py:1204] [0/0]       ,
I0316 16:37:46.828000 354230 .venv/lib/python3.10/site-packages/torch/_inductor/graph.py:1204] [0/0]       }
I0316 16:37:46.828000 354230 .venv/lib/python3.10/site-packages/torch/_inductor/graph.py:1204] [0/0]     )
I0316 16:37:46.828000 354230 .venv/lib/python3.10/site-packages/torch/_inductor/graph.py:1204] [0/0]   )
I0316 16:37:46.828000 354230 .venv/lib/python3.10/site-packages/torch/_inductor/graph.py:1204] [0/0]   args[3]: None
I0316 16:37:46.828000 354230 .venv/lib/python3.10/site-packages/torch/_inductor/graph.py:1204] [0/0]   args[4]: None
I0316 16:37:46.828000 354230 .venv/lib/python3.10/site-packages/torch/_inductor/graph.py:1204] [0/0]   args[5]: None
I0316 16:37:46.828000 354230 .venv/lib/python3.10/site-packages/torch/_inductor/graph.py:1204] [0/0]   args[6]: None
I0316 16:37:46.828000 354230 .venv/lib/python3.10/site-packages/torch/_inductor/graph.py:1204] [0/0]   args[7]: None
I0316 16:37:46.828000 354230 .venv/lib/python3.10/site-packages/torch/_inductor/graph.py:1204] [0/0]   args[8]: None
I0316 16:37:46.828000 354230 .venv/lib/python3.10/site-packages/torch/_inductor/graph.py:1204] [0/0]   args[9]: None
I0316 16:37:46.828000 354230 .venv/lib/python3.10/site-packages/torch/_inductor/graph.py:1204] [0/0]   args[10]: None
I0316 16:37:46.828000 354230 .venv/lib/python3.10/site-packages/torch/_inductor/graph.py:1204] [0/0]   args[11]: None
I0316 16:37:46.828000 354230 .venv/lib/python3.10/site-packages/torch/_inductor/graph.py:1204] [0/0]   args[12]: None
I0316 16:37:46.828000 354230 .venv/lib/python3.10/site-packages/torch/_inductor/graph.py:1204] [0/0]   args[13]: None
I0316 16:37:46.828000 354230 .venv/lib/python3.10/site-packages/torch/_inductor/graph.py:1204] [0/0]   args[14]: None
I0316 16:37:46.828000 354230 .venv/lib/python3.10/site-packages/torch/_inductor/graph.py:1204] [0/0]   args[15]: None
I0316 16:37:46.828000 354230 .venv/lib/python3.10/site-packages/torch/_inductor/graph.py:1204] [0/0]   args[16]: None
I0316 16:37:46.828000 354230 .venv/lib/python3.10/site-packages/torch/_inductor/graph.py:1204] [0/0]   args[17]: None
I0316 16:37:46.828000 354230 .venv/lib/python3.10/site-packages/torch/_inductor/graph.py:1204] [0/0]   args[18]: None
I0316 16:37:46.828000 354230 .venv/lib/python3.10/site-packages/torch/_inductor/graph.py:1204] [0/0]   args[19]: None
I0316 16:37:46.828000 354230 .venv/lib/python3.10/site-packages/torch/_inductor/graph.py:1204] [0/0]   args[20]: None
I0316 16:37:46.828000 354230 .venv/lib/python3.10/site-packages/torch/_inductor/graph.py:1204] [0/0]   args[21]: None
I0316 16:37:46.828000 354230 .venv/lib/python3.10/site-packages/torch/_inductor/graph.py:1204] [0/0]   args[22]: None
I0316 16:37:46.828000 354230 .venv/lib/python3.10/site-packages/torch/_inductor/graph.py:1204] [0/0]   args[23]: 0.08838834764831845
I0316 16:37:46.828000 354230 .venv/lib/python3.10/site-packages/torch/_inductor/graph.py:1204] [0/0]   args[24]: True
I0316 16:37:46.828000 354230 .venv/lib/python3.10/site-packages/torch/_inductor/graph.py:1204] [0/0]   args[25]: 256
I0316 16:37:46.828000 354230 .venv/lib/python3.10/site-packages/torch/_inductor/graph.py:1204] [0/0]   args[26]: 0
I0316 16:37:46.837000 354230 .venv/lib/python3.10/site-packages/torch/_inductor/kernel/mm.py:738] [0/0] Tuned aten.mm: m=65536, n=512, k=512, mat1_dtype=torch.bfloat16, mat2_dtype=torch.bfloat16, output_layout=FixedLayout('cuda:0', torch.bfloat16, size=[65536, 512], stride=[512, 1])
I0316 16:37:46.845000 354230 .venv/lib/python3.10/site-packages/torch/_inductor/kernel/mm.py:738] [0/0] Tuned aten.mm: m=65536, n=2048, k=512, mat1_dtype=torch.bfloat16, mat2_dtype=torch.bfloat16, output_layout=FixedLayout('cuda:0', torch.bfloat16, size=[65536, 2048], stride=[2048, 1])
I0316 16:37:46.853000 354230 .venv/lib/python3.10/site-packages/torch/_inductor/kernel/mm.py:738] [0/0] Tuned aten.mm: m=65536, n=512, k=2048, mat1_dtype=torch.bfloat16, mat2_dtype=torch.bfloat16, output_layout=FixedLayout('cuda:0', torch.bfloat16, size=[65536, 512], stride=[512, 1])
I0316 16:37:46.863000 354230 .venv/lib/python3.10/site-packages/torch/_inductor/kernel/mm.py:738] [0/0] Tuned aten.mm: m=65536, n=512, k=512, mat1_dtype=torch.bfloat16, mat2_dtype=torch.bfloat16, output_layout=FixedLayout('cuda:0', torch.bfloat16, size=[65536, 512], stride=[512, 1])
I0316 16:37:46.865000 354230 .venv/lib/python3.10/site-packages/torch/_inductor/kernel/mm.py:738] [0/0] Tuned aten.mm: m=65536, n=512, k=512, mat1_dtype=torch.bfloat16, mat2_dtype=torch.bfloat16, output_layout=FixedLayout('cuda:0', torch.bfloat16, size=[65536, 512], stride=[512, 1])
I0316 16:37:46.867000 354230 .venv/lib/python3.10/site-packages/torch/_inductor/kernel/mm.py:738] [0/0] Tuned aten.mm: m=65536, n=512, k=512, mat1_dtype=torch.bfloat16, mat2_dtype=torch.bfloat16, output_layout=FixedLayout('cuda:0', torch.bfloat16, size=[65536, 512], stride=[512, 1])
I0316 16:37:46.873000 354230 .venv/lib/python3.10/site-packages/torch/_inductor/kernel/mm.py:738] [0/0] Tuned aten.mm: m=65536, n=4, k=32, mat1_dtype=torch.bfloat16, mat2_dtype=torch.bfloat16, output_layout=FixedLayout('cuda:0', torch.bfloat16, size=[65536, 4], stride=[4, 1])
I0316 16:37:46.907000 354230 .venv/lib/python3.10/site-packages/torch/_inductor/kernel/mm.py:738] [0/0] Tuned aten.mm: m=65536, n=512, k=512, mat1_dtype=torch.bfloat16, mat2_dtype=torch.bfloat16, output_layout=FixedLayout('cuda:0', torch.bfloat16, size=[65536, 512], stride=[512, 1])
I0316 16:37:46.914000 354230 .venv/lib/python3.10/site-packages/torch/_inductor/kernel/mm.py:738] [0/0] Tuned aten.mm: m=65536, n=2048, k=512, mat1_dtype=torch.bfloat16, mat2_dtype=torch.bfloat16, output_layout=FixedLayout('cuda:0', torch.bfloat16, size=[65536, 2048], stride=[2048, 1])
I0316 16:37:46.917000 354230 .venv/lib/python3.10/site-packages/torch/_inductor/kernel/mm.py:738] [0/0] Tuned aten.mm: m=65536, n=512, k=2048, mat1_dtype=torch.bfloat16, mat2_dtype=torch.bfloat16, output_layout=FixedLayout('cuda:0', torch.bfloat16, size=[65536, 512], stride=[512, 1])
I0316 16:37:46.928000 354230 .venv/lib/python3.10/site-packages/torch/_inductor/kernel/mm.py:738] [0/0] Tuned aten.mm: m=65536, n=512, k=512, mat1_dtype=torch.bfloat16, mat2_dtype=torch.bfloat16, output_layout=FixedLayout('cuda:0', torch.bfloat16, size=[65536, 512], stride=[512, 1])
I0316 16:37:46.935000 354230 .venv/lib/python3.10/site-packages/torch/_inductor/kernel/mm.py:738] [0/0] Tuned aten.mm: m=65536, n=512, k=512, mat1_dtype=torch.bfloat16, mat2_dtype=torch.bfloat16, output_layout=FixedLayout('cuda:0', torch.bfloat16, size=[65536, 512], stride=[512, 1])
I0316 16:37:46.938000 354230 .venv/lib/python3.10/site-packages/torch/_inductor/kernel/mm.py:738] [0/0] Tuned aten.mm: m=65536, n=512, k=512, mat1_dtype=torch.bfloat16, mat2_dtype=torch.bfloat16, output_layout=FixedLayout('cuda:0', torch.bfloat16, size=[65536, 512], stride=[512, 1])
I0316 16:37:46.940000 354230 .venv/lib/python3.10/site-packages/torch/_inductor/kernel/mm.py:738] [0/0] Tuned aten.mm: m=65536, n=512, k=512, mat1_dtype=torch.bfloat16, mat2_dtype=torch.bfloat16, output_layout=FixedLayout('cuda:0', torch.bfloat16, size=[65536, 512], stride=[512, 1])
I0316 16:37:46.972000 354230 .venv/lib/python3.10/site-packages/torch/_inductor/kernel/mm.py:738] [0/0] Tuned aten.mm: m=65536, n=512, k=512, mat1_dtype=torch.bfloat16, mat2_dtype=torch.bfloat16, output_layout=FixedLayout('cuda:0', torch.bfloat16, size=[65536, 512], stride=[512, 1])
I0316 16:37:46.979000 354230 .venv/lib/python3.10/site-packages/torch/_inductor/kernel/mm.py:738] [0/0] Tuned aten.mm: m=65536, n=2048, k=512, mat1_dtype=torch.bfloat16, mat2_dtype=torch.bfloat16, output_layout=FixedLayout('cuda:0', torch.bfloat16, size=[65536, 2048], stride=[2048, 1])
I0316 16:37:46.983000 354230 .venv/lib/python3.10/site-packages/torch/_inductor/kernel/mm.py:738] [0/0] Tuned aten.mm: m=65536, n=512, k=2048, mat1_dtype=torch.bfloat16, mat2_dtype=torch.bfloat16, output_layout=FixedLayout('cuda:0', torch.bfloat16, size=[65536, 512], stride=[512, 1])
I0316 16:37:46.986000 354230 .venv/lib/python3.10/site-packages/torch/_inductor/kernel/mm.py:738] [0/0] Tuned aten.mm: m=65536, n=512, k=512, mat1_dtype=torch.bfloat16, mat2_dtype=torch.bfloat16, output_layout=FixedLayout('cuda:0', torch.bfloat16, size=[65536, 512], stride=[512, 1])
I0316 16:37:46.988000 354230 .venv/lib/python3.10/site-packages/torch/_inductor/kernel/mm.py:738] [0/0] Tuned aten.mm: m=65536, n=512, k=512, mat1_dtype=torch.bfloat16, mat2_dtype=torch.bfloat16, output_layout=FixedLayout('cuda:0', torch.bfloat16, size=[65536, 512], stride=[512, 1])
I0316 16:37:46.993000 354230 .venv/lib/python3.10/site-packages/torch/_inductor/lowering.py:2222] [0/0] using triton random, expect difference from eager
I0316 16:37:47.022000 354230 .venv/lib/python3.10/site-packages/torch/_inductor/kernel/mm.py:738] [0/0] Tuned aten.mm: m=65536, n=512, k=512, mat1_dtype=torch.bfloat16, mat2_dtype=torch.bfloat16, output_layout=FixedLayout('cuda:0', torch.bfloat16, size=[65536, 512], stride=[512, 1])
I0316 16:37:47.025000 354230 .venv/lib/python3.10/site-packages/torch/_inductor/kernel/mm.py:738] [0/0] Tuned aten.mm: m=65536, n=512, k=512, mat1_dtype=torch.bfloat16, mat2_dtype=torch.bfloat16, output_layout=FixedLayout('cuda:0', torch.bfloat16, size=[65536, 512], stride=[512, 1])
I0316 16:37:47.027000 354230 .venv/lib/python3.10/site-packages/torch/_inductor/kernel/mm.py:738] [0/0] Tuned aten.mm: m=65536, n=512, k=512, mat1_dtype=torch.bfloat16, mat2_dtype=torch.bfloat16, output_layout=FixedLayout('cuda:0', torch.bfloat16, size=[65536, 512], stride=[512, 1])
I0316 16:37:47.036000 354230 .venv/lib/python3.10/site-packages/torch/_inductor/kernel/mm.py:738] [0/0] Tuned aten.mm: m=65536, n=4, k=32, mat1_dtype=torch.bfloat16, mat2_dtype=torch.bfloat16, output_layout=FixedLayout('cuda:0', torch.bfloat16, size=[65536, 4], stride=[4, 1])
I0316 16:37:47.069000 354230 .venv/lib/python3.10/site-packages/torch/_inductor/kernel/mm.py:738] [0/0] Tuned aten.mm: m=65536, n=512, k=512, mat1_dtype=torch.bfloat16, mat2_dtype=torch.bfloat16, output_layout=FixedLayout('cuda:0', torch.bfloat16, size=[65536, 512], stride=[512, 1])
I0316 16:37:47.075000 354230 .venv/lib/python3.10/site-packages/torch/_inductor/kernel/mm.py:738] [0/0] Tuned aten.mm: m=65536, n=2048, k=512, mat1_dtype=torch.bfloat16, mat2_dtype=torch.bfloat16, output_layout=FixedLayout('cuda:0', torch.bfloat16, size=[65536, 2048], stride=[2048, 1])
I0316 16:37:47.079000 354230 .venv/lib/python3.10/site-packages/torch/_inductor/kernel/mm.py:738] [0/0] Tuned aten.mm: m=65536, n=512, k=2048, mat1_dtype=torch.bfloat16, mat2_dtype=torch.bfloat16, output_layout=FixedLayout('cuda:0', torch.bfloat16, size=[65536, 512], stride=[512, 1])
I0316 16:37:47.087000 354230 .venv/lib/python3.10/site-packages/torch/_inductor/kernel/mm.py:738] [0/0] Tuned aten.mm: m=65536, n=512, k=512, mat1_dtype=torch.bfloat16, mat2_dtype=torch.bfloat16, output_layout=FixedLayout('cuda:0', torch.bfloat16, size=[65536, 512], stride=[512, 1])
I0316 16:37:47.094000 354230 .venv/lib/python3.10/site-packages/torch/_inductor/kernel/mm.py:738] [0/0] Tuned aten.mm: m=65536, n=512, k=512, mat1_dtype=torch.bfloat16, mat2_dtype=torch.bfloat16, output_layout=FixedLayout('cuda:0', torch.bfloat16, size=[65536, 512], stride=[512, 1])
I0316 16:37:47.097000 354230 .venv/lib/python3.10/site-packages/torch/_inductor/kernel/mm.py:738] [0/0] Tuned aten.mm: m=65536, n=512, k=512, mat1_dtype=torch.bfloat16, mat2_dtype=torch.bfloat16, output_layout=FixedLayout('cuda:0', torch.bfloat16, size=[65536, 512], stride=[512, 1])
I0316 16:37:47.099000 354230 .venv/lib/python3.10/site-packages/torch/_inductor/kernel/mm.py:738] [0/0] Tuned aten.mm: m=65536, n=512, k=512, mat1_dtype=torch.bfloat16, mat2_dtype=torch.bfloat16, output_layout=FixedLayout('cuda:0', torch.bfloat16, size=[65536, 512], stride=[512, 1])
I0316 16:37:47.129000 354230 .venv/lib/python3.10/site-packages/torch/_inductor/kernel/mm.py:738] [0/0] Tuned aten.mm: m=65536, n=512, k=512, mat1_dtype=torch.bfloat16, mat2_dtype=torch.bfloat16, output_layout=FixedLayout('cuda:0', torch.bfloat16, size=[65536, 512], stride=[512, 1])
I0316 16:37:47.138000 354230 .venv/lib/python3.10/site-packages/torch/_inductor/kernel/mm.py:738] [0/0] Tuned aten.mm: m=65536, n=2048, k=512, mat1_dtype=torch.bfloat16, mat2_dtype=torch.bfloat16, output_layout=FixedLayout('cuda:0', torch.bfloat16, size=[65536, 2048], stride=[2048, 1])
I0316 16:37:47.142000 354230 .venv/lib/python3.10/site-packages/torch/_inductor/kernel/mm.py:738] [0/0] Tuned aten.mm: m=65536, n=512, k=2048, mat1_dtype=torch.bfloat16, mat2_dtype=torch.bfloat16, output_layout=FixedLayout('cuda:0', torch.bfloat16, size=[65536, 512], stride=[512, 1])
I0316 16:37:47.151000 354230 .venv/lib/python3.10/site-packages/torch/_inductor/kernel/mm.py:738] [0/0] Tuned aten.mm: m=65536, n=512, k=512, mat1_dtype=torch.bfloat16, mat2_dtype=torch.bfloat16, output_layout=FixedLayout('cuda:0', torch.bfloat16, size=[65536, 512], stride=[512, 1])
I0316 16:37:47.153000 354230 .venv/lib/python3.10/site-packages/torch/_inductor/kernel/mm.py:738] [0/0] Tuned aten.mm: m=65536, n=512, k=512, mat1_dtype=torch.bfloat16, mat2_dtype=torch.bfloat16, output_layout=FixedLayout('cuda:0', torch.bfloat16, size=[65536, 512], stride=[512, 1])
I0316 16:37:47.156000 354230 .venv/lib/python3.10/site-packages/torch/_inductor/kernel/mm.py:738] [0/0] Tuned aten.mm: m=65536, n=512, k=512, mat1_dtype=torch.bfloat16, mat2_dtype=torch.bfloat16, output_layout=FixedLayout('cuda:0', torch.bfloat16, size=[65536, 512], stride=[512, 1])
I0316 16:37:47.160000 354230 .venv/lib/python3.10/site-packages/torch/_inductor/kernel/mm.py:738] [0/0] Tuned aten.mm: m=65536, n=4, k=32, mat1_dtype=torch.bfloat16, mat2_dtype=torch.bfloat16, output_layout=FixedLayout('cuda:0', torch.bfloat16, size=[65536, 4], stride=[4, 1])
I0316 16:37:47.192000 354230 .venv/lib/python3.10/site-packages/torch/_inductor/kernel/mm.py:738] [0/0] Tuned aten.mm: m=65536, n=512, k=512, mat1_dtype=torch.bfloat16, mat2_dtype=torch.bfloat16, output_layout=FixedLayout('cuda:0', torch.bfloat16, size=[65536, 512], stride=[512, 1])
I0316 16:37:47.199000 354230 .venv/lib/python3.10/site-packages/torch/_inductor/kernel/mm.py:738] [0/0] Tuned aten.mm: m=65536, n=2048, k=512, mat1_dtype=torch.bfloat16, mat2_dtype=torch.bfloat16, output_layout=FixedLayout('cuda:0', torch.bfloat16, size=[65536, 2048], stride=[2048, 1])
I0316 16:37:47.204000 354230 .venv/lib/python3.10/site-packages/torch/_inductor/kernel/mm.py:738] [0/0] Tuned aten.mm: m=65536, n=512, k=2048, mat1_dtype=torch.bfloat16, mat2_dtype=torch.bfloat16, output_layout=FixedLayout('cuda:0', torch.bfloat16, size=[65536, 512], stride=[512, 1])
I0316 16:37:47.208000 354230 .venv/lib/python3.10/site-packages/torch/_inductor/kernel/mm.py:738] [0/0] Tuned aten.mm: m=65536, n=512, k=512, mat1_dtype=torch.bfloat16, mat2_dtype=torch.bfloat16, output_layout=FixedLayout('cuda:0', torch.bfloat16, size=[65536, 512], stride=[512, 1])
I0316 16:37:47.210000 354230 .venv/lib/python3.10/site-packages/torch/_inductor/kernel/mm.py:738] [0/0] Tuned aten.mm: m=65536, n=512, k=512, mat1_dtype=torch.bfloat16, mat2_dtype=torch.bfloat16, output_layout=FixedLayout('cuda:0', torch.bfloat16, size=[65536, 512], stride=[512, 1])
I0316 16:37:47.230000 354230 .venv/lib/python3.10/site-packages/torch/_inductor/kernel/mm.py:738] [0/0] Tuned aten.mm: m=65536, n=512, k=512, mat1_dtype=torch.bfloat16, mat2_dtype=torch.bfloat16, output_layout=FixedLayout('cuda:0', torch.bfloat16, size=[65536, 512], stride=[512, 1])
I0316 16:37:47.233000 354230 .venv/lib/python3.10/site-packages/torch/_inductor/kernel/mm.py:738] [0/0] Tuned aten.mm: m=65536, n=512, k=512, mat1_dtype=torch.bfloat16, mat2_dtype=torch.bfloat16, output_layout=FixedLayout('cuda:0', torch.bfloat16, size=[65536, 512], stride=[512, 1])
I0316 16:37:47.235000 354230 .venv/lib/python3.10/site-packages/torch/_inductor/kernel/mm.py:738] [0/0] Tuned aten.mm: m=65536, n=512, k=512, mat1_dtype=torch.bfloat16, mat2_dtype=torch.bfloat16, output_layout=FixedLayout('cuda:0', torch.bfloat16, size=[65536, 512], stride=[512, 1])
I0316 16:37:47.264000 354230 .venv/lib/python3.10/site-packages/torch/_inductor/kernel/mm.py:738] [0/0] Tuned aten.mm: m=65536, n=512, k=512, mat1_dtype=torch.bfloat16, mat2_dtype=torch.bfloat16, output_layout=FixedLayout('cuda:0', torch.bfloat16, size=[65536, 512], stride=[512, 1])
I0316 16:37:47.272000 354230 .venv/lib/python3.10/site-packages/torch/_inductor/kernel/mm.py:738] [0/0] Tuned aten.mm: m=65536, n=2048, k=512, mat1_dtype=torch.bfloat16, mat2_dtype=torch.bfloat16, output_layout=FixedLayout('cuda:0', torch.bfloat16, size=[65536, 2048], stride=[2048, 1])
I0316 16:37:47.277000 354230 .venv/lib/python3.10/site-packages/torch/_inductor/kernel/mm.py:738] [0/0] Tuned aten.mm: m=65536, n=512, k=2048, mat1_dtype=torch.bfloat16, mat2_dtype=torch.bfloat16, output_layout=FixedLayout('cuda:0', torch.bfloat16, size=[65536, 512], stride=[512, 1])
I0316 16:37:47.285000 354230 .venv/lib/python3.10/site-packages/torch/_inductor/kernel/mm.py:738] [0/0] Tuned aten.mm: m=65536, n=512, k=512, mat1_dtype=torch.bfloat16, mat2_dtype=torch.bfloat16, output_layout=FixedLayout('cuda:0', torch.bfloat16, size=[65536, 512], stride=[512, 1])
I0316 16:37:47.288000 354230 .venv/lib/python3.10/site-packages/torch/_inductor/kernel/mm.py:738] [0/0] Tuned aten.mm: m=65536, n=512, k=512, mat1_dtype=torch.bfloat16, mat2_dtype=torch.bfloat16, output_layout=FixedLayout('cuda:0', torch.bfloat16, size=[65536, 512], stride=[512, 1])
I0316 16:37:47.291000 354230 .venv/lib/python3.10/site-packages/torch/_inductor/kernel/mm.py:738] [0/0] Tuned aten.mm: m=65536, n=512, k=512, mat1_dtype=torch.bfloat16, mat2_dtype=torch.bfloat16, output_layout=FixedLayout('cuda:0', torch.bfloat16, size=[65536, 512], stride=[512, 1])
I0316 16:37:47.296000 354230 .venv/lib/python3.10/site-packages/torch/_inductor/kernel/mm.py:738] [0/0] Tuned aten.mm: m=65536, n=4, k=32, mat1_dtype=torch.bfloat16, mat2_dtype=torch.bfloat16, output_layout=FixedLayout('cuda:0', torch.bfloat16, size=[65536, 4], stride=[4, 1])
I0316 16:37:47.329000 354230 .venv/lib/python3.10/site-packages/torch/_inductor/kernel/mm.py:738] [0/0] Tuned aten.mm: m=65536, n=512, k=512, mat1_dtype=torch.bfloat16, mat2_dtype=torch.bfloat16, output_layout=FixedLayout('cuda:0', torch.bfloat16, size=[65536, 512], stride=[512, 1])
I0316 16:37:47.336000 354230 .venv/lib/python3.10/site-packages/torch/_inductor/kernel/mm.py:738] [0/0] Tuned aten.mm: m=65536, n=2048, k=512, mat1_dtype=torch.bfloat16, mat2_dtype=torch.bfloat16, output_layout=FixedLayout('cuda:0', torch.bfloat16, size=[65536, 2048], stride=[2048, 1])
I0316 16:37:47.340000 354230 .venv/lib/python3.10/site-packages/torch/_inductor/kernel/mm.py:738] [0/0] Tuned aten.mm: m=65536, n=512, k=2048, mat1_dtype=torch.bfloat16, mat2_dtype=torch.bfloat16, output_layout=FixedLayout('cuda:0', torch.bfloat16, size=[65536, 512], stride=[512, 1])
I0316 16:37:47.352000 354230 .venv/lib/python3.10/site-packages/torch/_inductor/kernel/mm.py:738] [0/0] Tuned aten.mm: m=65536, n=512, k=512, mat1_dtype=torch.bfloat16, mat2_dtype=torch.bfloat16, output_layout=FixedLayout('cuda:0', torch.bfloat16, size=[65536, 512], stride=[512, 1])
I0316 16:37:47.356000 354230 .venv/lib/python3.10/site-packages/torch/_inductor/kernel/mm.py:738] [0/0] Tuned aten.mm: m=65536, n=512, k=512, mat1_dtype=torch.bfloat16, mat2_dtype=torch.bfloat16, output_layout=FixedLayout('cuda:0', torch.bfloat16, size=[65536, 512], stride=[512, 1])
I0316 16:37:47.364000 354230 .venv/lib/python3.10/site-packages/torch/_inductor/kernel/mm.py:942] [0/0] Tuned aten.addmm: m=65536, n=1, k=512, mat1_dtype=torch.bfloat16, mat2_dtype=torch.bfloat16, output_layout=FixedLayout('cuda:0', torch.bfloat16, size=[65536, 1], stride=[1, 1])
I0316 16:37:47.372000 354230 .venv/lib/python3.10/site-packages/torch/_inductor/kernel/mm.py:738] [0/0] Tuned aten.mm: m=65536, n=512, k=512, mat1_dtype=torch.bfloat16, mat2_dtype=torch.bfloat16, output_layout=FixedLayout('cuda:0', torch.bfloat16, size=[65536, 512], stride=[512, 1])
I0316 16:37:47.376000 354230 .venv/lib/python3.10/site-packages/torch/_inductor/kernel/mm.py:738] [0/0] Tuned aten.mm: m=65536, n=512, k=512, mat1_dtype=torch.bfloat16, mat2_dtype=torch.bfloat16, output_layout=FixedLayout('cuda:0', torch.bfloat16, size=[65536, 512], stride=[512, 1])
I0316 16:37:47.383000 354230 .venv/lib/python3.10/site-packages/torch/_inductor/kernel/mm.py:942] [0/0] Tuned aten.addmm: m=65536, n=1, k=512, mat1_dtype=torch.bfloat16, mat2_dtype=torch.bfloat16, output_layout=FixedLayout('cuda:0', torch.bfloat16, size=[65536, 1], stride=[1, 1])
I0316 16:37:47.391000 354230 .venv/lib/python3.10/site-packages/torch/_inductor/kernel/mm.py:738] [0/0] Tuned aten.mm: m=65536, n=512, k=512, mat1_dtype=torch.bfloat16, mat2_dtype=torch.bfloat16, output_layout=FixedLayout('cuda:0', torch.bfloat16, size=[65536, 512], stride=[512, 1])
I0316 16:37:47.394000 354230 .venv/lib/python3.10/site-packages/torch/_inductor/kernel/mm.py:738] [0/0] Tuned aten.mm: m=65536, n=512, k=512, mat1_dtype=torch.bfloat16, mat2_dtype=torch.bfloat16, output_layout=FixedLayout('cuda:0', torch.bfloat16, size=[65536, 512], stride=[512, 1])
I0316 16:37:47.401000 354230 .venv/lib/python3.10/site-packages/torch/_inductor/kernel/mm.py:942] [0/0] Tuned aten.addmm: m=65536, n=1, k=512, mat1_dtype=torch.bfloat16, mat2_dtype=torch.bfloat16, output_layout=FixedLayout('cuda:0', torch.bfloat16, size=[65536, 1], stride=[1, 1])
I0316 16:37:47.409000 354230 .venv/lib/python3.10/site-packages/torch/_inductor/kernel/mm.py:738] [0/0] Tuned aten.mm: m=65536, n=512, k=512, mat1_dtype=torch.bfloat16, mat2_dtype=torch.bfloat16, output_layout=FixedLayout('cuda:0', torch.bfloat16, size=[65536, 512], stride=[512, 1])
I0316 16:37:47.412000 354230 .venv/lib/python3.10/site-packages/torch/_inductor/kernel/mm.py:738] [0/0] Tuned aten.mm: m=65536, n=512, k=512, mat1_dtype=torch.bfloat16, mat2_dtype=torch.bfloat16, output_layout=FixedLayout('cuda:0', torch.bfloat16, size=[65536, 512], stride=[512, 1])
I0316 16:37:47.419000 354230 .venv/lib/python3.10/site-packages/torch/_inductor/kernel/mm.py:942] [0/0] Tuned aten.addmm: m=65536, n=1, k=512, mat1_dtype=torch.bfloat16, mat2_dtype=torch.bfloat16, output_layout=FixedLayout('cuda:0', torch.bfloat16, size=[65536, 1], stride=[1, 1])
I0316 16:37:47.426000 354230 .venv/lib/python3.10/site-packages/torch/_inductor/kernel/mm.py:738] [0/0] Tuned aten.mm: m=65536, n=512, k=512, mat1_dtype=torch.bfloat16, mat2_dtype=torch.bfloat16, output_layout=FixedLayout('cuda:0', torch.bfloat16, size=[65536, 512], stride=[512, 1])
I0316 16:37:47.430000 354230 .venv/lib/python3.10/site-packages/torch/_inductor/kernel/mm.py:738] [0/0] Tuned aten.mm: m=65536, n=512, k=512, mat1_dtype=torch.bfloat16, mat2_dtype=torch.bfloat16, output_layout=FixedLayout('cuda:0', torch.bfloat16, size=[65536, 512], stride=[512, 1])
I0316 16:37:47.437000 354230 .venv/lib/python3.10/site-packages/torch/_inductor/kernel/mm.py:942] [0/0] Tuned aten.addmm: m=65536, n=1, k=512, mat1_dtype=torch.bfloat16, mat2_dtype=torch.bfloat16, output_layout=FixedLayout('cuda:0', torch.bfloat16, size=[65536, 1], stride=[1, 1])
I0316 16:37:47.445000 354230 .venv/lib/python3.10/site-packages/torch/_inductor/kernel/mm.py:738] [0/0] Tuned aten.mm: m=65536, n=512, k=512, mat1_dtype=torch.bfloat16, mat2_dtype=torch.bfloat16, output_layout=FixedLayout('cuda:0', torch.bfloat16, size=[65536, 512], stride=[512, 1])
I0316 16:37:47.448000 354230 .venv/lib/python3.10/site-packages/torch/_inductor/kernel/mm.py:738] [0/0] Tuned aten.mm: m=65536, n=512, k=512, mat1_dtype=torch.bfloat16, mat2_dtype=torch.bfloat16, output_layout=FixedLayout('cuda:0', torch.bfloat16, size=[65536, 512], stride=[512, 1])
I0316 16:37:47.455000 354230 .venv/lib/python3.10/site-packages/torch/_inductor/kernel/mm.py:942] [0/0] Tuned aten.addmm: m=65536, n=1, k=512, mat1_dtype=torch.bfloat16, mat2_dtype=torch.bfloat16, output_layout=FixedLayout('cuda:0', torch.bfloat16, size=[65536, 1], stride=[1, 1])
I0316 16:37:47.463000 354230 .venv/lib/python3.10/site-packages/torch/_inductor/kernel/mm.py:738] [0/0] Tuned aten.mm: m=65536, n=512, k=512, mat1_dtype=torch.bfloat16, mat2_dtype=torch.bfloat16, output_layout=FixedLayout('cuda:0', torch.bfloat16, size=[65536, 512], stride=[512, 1])
I0316 16:37:47.466000 354230 .venv/lib/python3.10/site-packages/torch/_inductor/kernel/mm.py:738] [0/0] Tuned aten.mm: m=65536, n=512, k=512, mat1_dtype=torch.bfloat16, mat2_dtype=torch.bfloat16, output_layout=FixedLayout('cuda:0', torch.bfloat16, size=[65536, 512], stride=[512, 1])
I0316 16:37:47.473000 354230 .venv/lib/python3.10/site-packages/torch/_inductor/kernel/mm.py:942] [0/0] Tuned aten.addmm: m=65536, n=1, k=512, mat1_dtype=torch.bfloat16, mat2_dtype=torch.bfloat16, output_layout=FixedLayout('cuda:0', torch.bfloat16, size=[65536, 1], stride=[1, 1])
I0316 16:37:47.478000 354230 .venv/lib/python3.10/site-packages/torch/_inductor/kernel/mm.py:738] [0/0] Tuned aten.mm: m=65536, n=8192, k=512, mat1_dtype=torch.bfloat16, mat2_dtype=torch.bfloat16, output_layout=FixedLayout('cuda:0', torch.bfloat16, size=[65536, 8192], stride=[8192, 1])
I0316 16:37:49.237000 354230 .venv/lib/python3.10/site-packages/torch/_inductor/memory.py:880] [0/0] Reordering for peak memory -- 265 nodes
I0316 16:37:49.243000 354230 .venv/lib/python3.10/site-packages/torch/_inductor/memory.py:904] [0/0] Baseline peak memory: 524328
I0316 16:37:49.246000 354230 .venv/lib/python3.10/site-packages/torch/_inductor/memory.py:922] [0/0] topological_sort_lpmf peak memory: 524504
I0316 16:37:49.248000 354230 .venv/lib/python3.10/site-packages/torch/_inductor/memory.py:922] [0/0] topological_sort_bfs peak memory: 524328
I0316 16:37:49.249000 354230 .venv/lib/python3.10/site-packages/torch/_inductor/memory.py:922] [0/0] topological_sort_dfs peak memory: 524328
I0316 16:37:51.355000 354230 .venv/lib/python3.10/site-packages/torch/_inductor/analysis/device_info.py:181] [0/0] Device NVIDIA GeForce RTX 4080 not in datasheet, returning None
I0316 16:37:51.359000 354230 .venv/lib/python3.10/site-packages/torch/_inductor/analysis/device_info.py:181] [0/0] Device NVIDIA GeForce RTX 4080 not in datasheet, returning None
I0316 16:37:51.365000 354230 .venv/lib/python3.10/site-packages/torch/_inductor/analysis/device_info.py:181] [0/0] Device NVIDIA GeForce RTX 4080 not in datasheet, returning None
I0316 16:37:51.372000 354230 .venv/lib/python3.10/site-packages/torch/_inductor/analysis/device_info.py:181] [0/0] Device NVIDIA GeForce RTX 4080 not in datasheet, returning None
I0316 16:37:51.376000 354230 .venv/lib/python3.10/site-packages/torch/_inductor/analysis/device_info.py:181] [0/0] Device NVIDIA GeForce RTX 4080 not in datasheet, returning None
I0316 16:37:51.379000 354230 .venv/lib/python3.10/site-packages/torch/_inductor/analysis/device_info.py:181] [0/0] Device NVIDIA GeForce RTX 4080 not in datasheet, returning None
I0316 16:37:51.387000 354230 .venv/lib/python3.10/site-packages/torch/_inductor/analysis/device_info.py:181] [0/0] Device NVIDIA GeForce RTX 4080 not in datasheet, returning None
I0316 16:37:51.393000 354230 .venv/lib/python3.10/site-packages/torch/_inductor/analysis/device_info.py:181] [0/0] Device NVIDIA GeForce RTX 4080 not in datasheet, returning None
I0316 16:37:51.400000 354230 .venv/lib/python3.10/site-packages/torch/_inductor/analysis/device_info.py:181] [0/0] Device NVIDIA GeForce RTX 4080 not in datasheet, returning None
I0316 16:37:51.406000 354230 .venv/lib/python3.10/site-packages/torch/_inductor/analysis/device_info.py:181] [0/0] Device NVIDIA GeForce RTX 4080 not in datasheet, returning None
I0316 16:37:51.438000 354230 .venv/lib/python3.10/site-packages/torch/_inductor/analysis/device_info.py:181] [0/0] Device NVIDIA GeForce RTX 4080 not in datasheet, returning None
I0316 16:37:51.438000 354230 .venv/lib/python3.10/site-packages/torch/_inductor/analysis/device_info.py:181] [0/0] Device NVIDIA GeForce RTX 4080 not in datasheet, returning None
I0316 16:37:51.444000 354230 .venv/lib/python3.10/site-packages/torch/_inductor/triton_bundler.py:197] [0/0] Saving 46 statically launchable CachingAutotuners
I0316 16:37:51.444000 354230 .venv/lib/python3.10/site-packages/torch/fx/experimental/symbolic_shapes.py:5242] [0/0] produce_guards
I0316 16:37:51.460000 354230 .venv/lib/python3.10/site-packages/torch/_inductor/compile_fx.py:1094] [0/0] Overview info of inductor aten mms: 
I0316 16:37:51.460000 354230 .venv/lib/python3.10/site-packages/torch/_inductor/compile_fx.py:1095] [0/0] Name                           | B                    | M                    | N                    | K                    | Count               
I0316 16:37:51.460000 354230 .venv/lib/python3.10/site-packages/torch/_inductor/compile_fx.py:1100] [0/0] ----------------------------------------------------------------------------------------------------------------------------------
I0316 16:37:51.460000 354230 .venv/lib/python3.10/site-packages/torch/_inductor/compile_fx.py:1102] [0/0] aten.mm                        | -                    | 65536                | 512                  | 512                  | 52                  
I0316 16:37:51.460000 354230 .venv/lib/python3.10/site-packages/torch/_inductor/compile_fx.py:1103] [0/0] ----------------------------------------------------------------------------------------------------------------------------------
I0316 16:37:51.460000 354230 .venv/lib/python3.10/site-packages/torch/_inductor/compile_fx.py:1102] [0/0] aten.mm                        | -                    | 65536                | 2048                 | 512                  | 8                   
I0316 16:37:51.460000 354230 .venv/lib/python3.10/site-packages/torch/_inductor/compile_fx.py:1103] [0/0] ----------------------------------------------------------------------------------------------------------------------------------
I0316 16:37:51.460000 354230 .venv/lib/python3.10/site-packages/torch/_inductor/compile_fx.py:1102] [0/0] aten.mm                        | -                    | 65536                | 512                  | 2048                 | 8                   
I0316 16:37:51.460000 354230 .venv/lib/python3.10/site-packages/torch/_inductor/compile_fx.py:1103] [0/0] ----------------------------------------------------------------------------------------------------------------------------------
I0316 16:37:51.460000 354230 .venv/lib/python3.10/site-packages/torch/_inductor/compile_fx.py:1102] [0/0] aten.mm                        | -                    | 65536                | 4                    | 32                   | 4                   
I0316 16:37:51.460000 354230 .venv/lib/python3.10/site-packages/torch/_inductor/compile_fx.py:1103] [0/0] ----------------------------------------------------------------------------------------------------------------------------------
I0316 16:37:51.460000 354230 .venv/lib/python3.10/site-packages/torch/_inductor/compile_fx.py:1102] [0/0] aten.addmm                     | -                    | 65536                | 1                    | 512                  | 7                   
I0316 16:37:51.460000 354230 .venv/lib/python3.10/site-packages/torch/_inductor/compile_fx.py:1103] [0/0] ----------------------------------------------------------------------------------------------------------------------------------
I0316 16:37:51.461000 354230 .venv/lib/python3.10/site-packages/torch/_inductor/compile_fx.py:1102] [0/0] aten.mm                        | -                    | 65536                | 8192                 | 512                  | 1                   
I0316 16:37:51.461000 354230 .venv/lib/python3.10/site-packages/torch/_inductor/compile_fx.py:1103] [0/0] ----------------------------------------------------------------------------------------------------------------------------------
I0316 16:37:51.461000 354230 .venv/lib/python3.10/site-packages/torch/_inductor/compile_fx.py:1109] [0/0] Step 3: torchinductor done compiling FORWARDS graph 0
I0316 16:37:51.464000 354230 .venv/lib/python3.10/site-packages/torch/_dynamo/output_graph.py:2172] [0/0] Step 2: done compiler function inductor
I0316 16:37:51.487000 354230 .venv/lib/python3.10/site-packages/torch/fx/experimental/symbolic_shapes.py:5242] [0/0] produce_guards
I0316 16:37:51.582000 354230 .venv/lib/python3.10/site-packages/torch/_dynamo/pgo.py:893] [0/0] put_code_state: no cache key, skipping
I0316 16:37:51.582000 354230 .venv/lib/python3.10/site-packages/torch/_dynamo/convert_frame.py:1506] [0/0] run_gc_after_compile: running gc
I0316 16:37:56.464000 354230 .venv/lib/python3.10/site-packages/torch/_inductor/codecache.py:1586] [0/0] fx graph cache miss for key fugmqsybn2ijykz44oiaqvq4wamlsvp3xr55igddv4a6vspvy3xt
I0316 16:37:56.464000 354230 .venv/lib/python3.10/site-packages/torch/_inductor/compile_fx.py:1203] [0/0] Step 3: torchinductor compiling BACKWARDS graph 0
I0316 16:37:57.221000 354230 .venv/lib/python3.10/site-packages/torch/_inductor/fx_passes/reinplace.py:560] [0/0] For node auto_functionalized_v2, attempted to reinplace range(0, 3). We were unable to reinplace []; [] (if non-empty) are possible missed reinplacing opportunities that may be bad for memory usage and performance. Total size of missed opportunities with static shapes is : 0 bytes.
I0316 16:37:57.222000 354230 .venv/lib/python3.10/site-packages/torch/_inductor/fx_passes/reinplace.py:560] [0/0] For node auto_functionalized_v2, attempted to reinplace range(0, 3). We were unable to reinplace []; [] (if non-empty) are possible missed reinplacing opportunities that may be bad for memory usage and performance. Total size of missed opportunities with static shapes is : 0 bytes.
I0316 16:37:57.222000 354230 .venv/lib/python3.10/site-packages/torch/_inductor/fx_passes/reinplace.py:560] [0/0] For node auto_functionalized_v2, attempted to reinplace range(0, 3). We were unable to reinplace []; [] (if non-empty) are possible missed reinplacing opportunities that may be bad for memory usage and performance. Total size of missed opportunities with static shapes is : 0 bytes.
I0316 16:37:57.222000 354230 .venv/lib/python3.10/site-packages/torch/_inductor/fx_passes/reinplace.py:560] [0/0] For node auto_functionalized_v2, attempted to reinplace range(0, 3). We were unable to reinplace []; [] (if non-empty) are possible missed reinplacing opportunities that may be bad for memory usage and performance. Total size of missed opportunities with static shapes is : 0 bytes.
I0316 16:37:57.223000 354230 .venv/lib/python3.10/site-packages/torch/_inductor/fx_passes/reinplace.py:560] [0/0] For node auto_functionalized_v2, attempted to reinplace range(0, 3). We were unable to reinplace []; [] (if non-empty) are possible missed reinplacing opportunities that may be bad for memory usage and performance. Total size of missed opportunities with static shapes is : 0 bytes.
I0316 16:37:57.223000 354230 .venv/lib/python3.10/site-packages/torch/_inductor/fx_passes/reinplace.py:560] [0/0] For node auto_functionalized_v2, attempted to reinplace range(0, 3). We were unable to reinplace []; [] (if non-empty) are possible missed reinplacing opportunities that may be bad for memory usage and performance. Total size of missed opportunities with static shapes is : 0 bytes.
I0316 16:37:57.223000 354230 .venv/lib/python3.10/site-packages/torch/_inductor/fx_passes/reinplace.py:560] [0/0] For node auto_functionalized_v2, attempted to reinplace range(0, 3). We were unable to reinplace []; [] (if non-empty) are possible missed reinplacing opportunities that may be bad for memory usage and performance. Total size of missed opportunities with static shapes is : 0 bytes.
I0316 16:37:57.224000 354230 .venv/lib/python3.10/site-packages/torch/_inductor/fx_passes/reinplace.py:560] [0/0] For node auto_functionalized_v2, attempted to reinplace range(0, 3). We were unable to reinplace []; [] (if non-empty) are possible missed reinplacing opportunities that may be bad for memory usage and performance. Total size of missed opportunities with static shapes is : 0 bytes.
I0316 16:37:57.505000 354230 .venv/lib/python3.10/site-packages/torch/_inductor/kernel/mm.py:738] [0/0] Tuned aten.mm: m=8192, n=512, k=65536, mat1_dtype=torch.bfloat16, mat2_dtype=torch.bfloat16, output_layout=FixedLayout('cuda:0', torch.bfloat16, size=[8192, 512], stride=[512, 1])
I0316 16:37:57.506000 354230 .venv/lib/python3.10/site-packages/torch/_inductor/kernel/mm.py:738] [0/0] Tuned aten.mm: m=65536, n=512, k=8192, mat1_dtype=torch.bfloat16, mat2_dtype=torch.bfloat16, output_layout=FixedLayout('cuda:0', torch.bfloat16, size=[65536, 512], stride=[512, 1])
I0316 16:37:57.517000 354230 .venv/lib/python3.10/site-packages/torch/_inductor/kernel/mm.py:738] [0/0] Tuned aten.mm: m=65536, n=512, k=1, mat1_dtype=torch.bfloat16, mat2_dtype=torch.bfloat16, output_layout=FixedLayout('cuda:0', torch.bfloat16, size=[65536, 512], stride=[512, 1])
I0316 16:37:57.518000 354230 .venv/lib/python3.10/site-packages/torch/_inductor/kernel/mm.py:738] [0/0] Tuned aten.mm: m=1, n=512, k=65536, mat1_dtype=torch.bfloat16, mat2_dtype=torch.bfloat16, output_layout=FixedLayout('cuda:0', torch.bfloat16, size=[1, 512], stride=[512, 1])
I0316 16:37:57.535000 354230 .venv/lib/python3.10/site-packages/torch/_inductor/kernel/mm.py:738] [0/0] Tuned aten.mm: m=512, n=512, k=65536, mat1_dtype=torch.bfloat16, mat2_dtype=torch.bfloat16, output_layout=FixedLayout('cuda:0', torch.bfloat16, size=[512, 512], stride=[512, 1])
I0316 16:37:57.536000 354230 .venv/lib/python3.10/site-packages/torch/_inductor/kernel/mm.py:738] [0/0] Tuned aten.mm: m=65536, n=512, k=512, mat1_dtype=torch.bfloat16, mat2_dtype=torch.bfloat16, output_layout=FixedLayout('cuda:0', torch.bfloat16, size=[65536, 512], stride=[512, 1])
I0316 16:37:57.542000 354230 .venv/lib/python3.10/site-packages/torch/_inductor/kernel/mm.py:738] [0/0] Tuned aten.mm: m=512, n=512, k=65536, mat1_dtype=torch.bfloat16, mat2_dtype=torch.bfloat16, output_layout=FixedLayout('cuda:0', torch.bfloat16, size=[512, 512], stride=[512, 1])
I0316 16:37:57.543000 354230 .venv/lib/python3.10/site-packages/torch/_inductor/kernel/mm.py:738] [0/0] Tuned aten.mm: m=65536, n=512, k=512, mat1_dtype=torch.bfloat16, mat2_dtype=torch.bfloat16, output_layout=FixedLayout('cuda:0', torch.bfloat16, size=[65536, 512], stride=[512, 1])
I0316 16:37:57.557000 354230 .venv/lib/python3.10/site-packages/torch/_inductor/kernel/mm.py:738] [0/0] Tuned aten.mm: m=65536, n=512, k=1, mat1_dtype=torch.bfloat16, mat2_dtype=torch.bfloat16, output_layout=FixedLayout('cuda:0', torch.bfloat16, size=[65536, 512], stride=[512, 1])
I0316 16:37:57.557000 354230 .venv/lib/python3.10/site-packages/torch/_inductor/kernel/mm.py:738] [0/0] Tuned aten.mm: m=1, n=512, k=65536, mat1_dtype=torch.bfloat16, mat2_dtype=torch.bfloat16, output_layout=FixedLayout('cuda:0', torch.bfloat16, size=[1, 512], stride=[512, 1])
I0316 16:37:57.571000 354230 .venv/lib/python3.10/site-packages/torch/_inductor/kernel/mm.py:738] [0/0] Tuned aten.mm: m=512, n=512, k=65536, mat1_dtype=torch.bfloat16, mat2_dtype=torch.bfloat16, output_layout=FixedLayout('cuda:0', torch.bfloat16, size=[512, 512], stride=[512, 1])
I0316 16:37:57.572000 354230 .venv/lib/python3.10/site-packages/torch/_inductor/kernel/mm.py:738] [0/0] Tuned aten.mm: m=65536, n=512, k=512, mat1_dtype=torch.bfloat16, mat2_dtype=torch.bfloat16, output_layout=FixedLayout('cuda:0', torch.bfloat16, size=[65536, 512], stride=[512, 1])
I0316 16:37:57.577000 354230 .venv/lib/python3.10/site-packages/torch/_inductor/kernel/mm.py:738] [0/0] Tuned aten.mm: m=512, n=512, k=65536, mat1_dtype=torch.bfloat16, mat2_dtype=torch.bfloat16, output_layout=FixedLayout('cuda:0', torch.bfloat16, size=[512, 512], stride=[512, 1])
I0316 16:37:57.578000 354230 .venv/lib/python3.10/site-packages/torch/_inductor/kernel/mm.py:738] [0/0] Tuned aten.mm: m=65536, n=512, k=512, mat1_dtype=torch.bfloat16, mat2_dtype=torch.bfloat16, output_layout=FixedLayout('cuda:0', torch.bfloat16, size=[65536, 512], stride=[512, 1])
I0316 16:37:57.592000 354230 .venv/lib/python3.10/site-packages/torch/_inductor/kernel/mm.py:738] [0/0] Tuned aten.mm: m=65536, n=512, k=1, mat1_dtype=torch.bfloat16, mat2_dtype=torch.bfloat16, output_layout=FixedLayout('cuda:0', torch.bfloat16, size=[65536, 512], stride=[512, 1])
I0316 16:37:57.593000 354230 .venv/lib/python3.10/site-packages/torch/_inductor/kernel/mm.py:738] [0/0] Tuned aten.mm: m=1, n=512, k=65536, mat1_dtype=torch.bfloat16, mat2_dtype=torch.bfloat16, output_layout=FixedLayout('cuda:0', torch.bfloat16, size=[1, 512], stride=[512, 1])
I0316 16:37:57.605000 354230 .venv/lib/python3.10/site-packages/torch/_inductor/kernel/mm.py:738] [0/0] Tuned aten.mm: m=512, n=512, k=65536, mat1_dtype=torch.bfloat16, mat2_dtype=torch.bfloat16, output_layout=FixedLayout('cuda:0', torch.bfloat16, size=[512, 512], stride=[512, 1])
I0316 16:37:57.606000 354230 .venv/lib/python3.10/site-packages/torch/_inductor/kernel/mm.py:738] [0/0] Tuned aten.mm: m=65536, n=512, k=512, mat1_dtype=torch.bfloat16, mat2_dtype=torch.bfloat16, output_layout=FixedLayout('cuda:0', torch.bfloat16, size=[65536, 512], stride=[512, 1])
I0316 16:37:57.611000 354230 .venv/lib/python3.10/site-packages/torch/_inductor/kernel/mm.py:738] [0/0] Tuned aten.mm: m=512, n=512, k=65536, mat1_dtype=torch.bfloat16, mat2_dtype=torch.bfloat16, output_layout=FixedLayout('cuda:0', torch.bfloat16, size=[512, 512], stride=[512, 1])
I0316 16:37:57.612000 354230 .venv/lib/python3.10/site-packages/torch/_inductor/kernel/mm.py:738] [0/0] Tuned aten.mm: m=65536, n=512, k=512, mat1_dtype=torch.bfloat16, mat2_dtype=torch.bfloat16, output_layout=FixedLayout('cuda:0', torch.bfloat16, size=[65536, 512], stride=[512, 1])
I0316 16:37:57.625000 354230 .venv/lib/python3.10/site-packages/torch/_inductor/kernel/mm.py:738] [0/0] Tuned aten.mm: m=65536, n=512, k=1, mat1_dtype=torch.bfloat16, mat2_dtype=torch.bfloat16, output_layout=FixedLayout('cuda:0', torch.bfloat16, size=[65536, 512], stride=[512, 1])
I0316 16:37:57.626000 354230 .venv/lib/python3.10/site-packages/torch/_inductor/kernel/mm.py:738] [0/0] Tuned aten.mm: m=1, n=512, k=65536, mat1_dtype=torch.bfloat16, mat2_dtype=torch.bfloat16, output_layout=FixedLayout('cuda:0', torch.bfloat16, size=[1, 512], stride=[512, 1])
I0316 16:37:57.639000 354230 .venv/lib/python3.10/site-packages/torch/_inductor/kernel/mm.py:738] [0/0] Tuned aten.mm: m=512, n=512, k=65536, mat1_dtype=torch.bfloat16, mat2_dtype=torch.bfloat16, output_layout=FixedLayout('cuda:0', torch.bfloat16, size=[512, 512], stride=[512, 1])
I0316 16:37:57.640000 354230 .venv/lib/python3.10/site-packages/torch/_inductor/kernel/mm.py:738] [0/0] Tuned aten.mm: m=65536, n=512, k=512, mat1_dtype=torch.bfloat16, mat2_dtype=torch.bfloat16, output_layout=FixedLayout('cuda:0', torch.bfloat16, size=[65536, 512], stride=[512, 1])
I0316 16:37:57.646000 354230 .venv/lib/python3.10/site-packages/torch/_inductor/kernel/mm.py:738] [0/0] Tuned aten.mm: m=512, n=512, k=65536, mat1_dtype=torch.bfloat16, mat2_dtype=torch.bfloat16, output_layout=FixedLayout('cuda:0', torch.bfloat16, size=[512, 512], stride=[512, 1])
I0316 16:37:57.647000 354230 .venv/lib/python3.10/site-packages/torch/_inductor/kernel/mm.py:738] [0/0] Tuned aten.mm: m=65536, n=512, k=512, mat1_dtype=torch.bfloat16, mat2_dtype=torch.bfloat16, output_layout=FixedLayout('cuda:0', torch.bfloat16, size=[65536, 512], stride=[512, 1])
I0316 16:37:57.661000 354230 .venv/lib/python3.10/site-packages/torch/_inductor/kernel/mm.py:738] [0/0] Tuned aten.mm: m=65536, n=512, k=1, mat1_dtype=torch.bfloat16, mat2_dtype=torch.bfloat16, output_layout=FixedLayout('cuda:0', torch.bfloat16, size=[65536, 512], stride=[512, 1])
I0316 16:37:57.662000 354230 .venv/lib/python3.10/site-packages/torch/_inductor/kernel/mm.py:738] [0/0] Tuned aten.mm: m=1, n=512, k=65536, mat1_dtype=torch.bfloat16, mat2_dtype=torch.bfloat16, output_layout=FixedLayout('cuda:0', torch.bfloat16, size=[1, 512], stride=[512, 1])
I0316 16:37:57.676000 354230 .venv/lib/python3.10/site-packages/torch/_inductor/kernel/mm.py:738] [0/0] Tuned aten.mm: m=512, n=512, k=65536, mat1_dtype=torch.bfloat16, mat2_dtype=torch.bfloat16, output_layout=FixedLayout('cuda:0', torch.bfloat16, size=[512, 512], stride=[512, 1])
I0316 16:37:57.677000 354230 .venv/lib/python3.10/site-packages/torch/_inductor/kernel/mm.py:738] [0/0] Tuned aten.mm: m=65536, n=512, k=512, mat1_dtype=torch.bfloat16, mat2_dtype=torch.bfloat16, output_layout=FixedLayout('cuda:0', torch.bfloat16, size=[65536, 512], stride=[512, 1])
I0316 16:37:57.682000 354230 .venv/lib/python3.10/site-packages/torch/_inductor/kernel/mm.py:738] [0/0] Tuned aten.mm: m=512, n=512, k=65536, mat1_dtype=torch.bfloat16, mat2_dtype=torch.bfloat16, output_layout=FixedLayout('cuda:0', torch.bfloat16, size=[512, 512], stride=[512, 1])
I0316 16:37:57.683000 354230 .venv/lib/python3.10/site-packages/torch/_inductor/kernel/mm.py:738] [0/0] Tuned aten.mm: m=65536, n=512, k=512, mat1_dtype=torch.bfloat16, mat2_dtype=torch.bfloat16, output_layout=FixedLayout('cuda:0', torch.bfloat16, size=[65536, 512], stride=[512, 1])
I0316 16:37:57.696000 354230 .venv/lib/python3.10/site-packages/torch/_inductor/kernel/mm.py:738] [0/0] Tuned aten.mm: m=65536, n=512, k=1, mat1_dtype=torch.bfloat16, mat2_dtype=torch.bfloat16, output_layout=FixedLayout('cuda:0', torch.bfloat16, size=[65536, 512], stride=[512, 1])
I0316 16:37:57.697000 354230 .venv/lib/python3.10/site-packages/torch/_inductor/kernel/mm.py:738] [0/0] Tuned aten.mm: m=1, n=512, k=65536, mat1_dtype=torch.bfloat16, mat2_dtype=torch.bfloat16, output_layout=FixedLayout('cuda:0', torch.bfloat16, size=[1, 512], stride=[512, 1])
I0316 16:37:57.714000 354230 .venv/lib/python3.10/site-packages/torch/_inductor/kernel/mm.py:738] [0/0] Tuned aten.mm: m=512, n=512, k=65536, mat1_dtype=torch.bfloat16, mat2_dtype=torch.bfloat16, output_layout=FixedLayout('cuda:0', torch.bfloat16, size=[512, 512], stride=[512, 1])
I0316 16:37:57.714000 354230 .venv/lib/python3.10/site-packages/torch/_inductor/kernel/mm.py:738] [0/0] Tuned aten.mm: m=65536, n=512, k=512, mat1_dtype=torch.bfloat16, mat2_dtype=torch.bfloat16, output_layout=FixedLayout('cuda:0', torch.bfloat16, size=[65536, 512], stride=[512, 1])
I0316 16:37:57.719000 354230 .venv/lib/python3.10/site-packages/torch/_inductor/kernel/mm.py:738] [0/0] Tuned aten.mm: m=512, n=512, k=65536, mat1_dtype=torch.bfloat16, mat2_dtype=torch.bfloat16, output_layout=FixedLayout('cuda:0', torch.bfloat16, size=[512, 512], stride=[512, 1])
I0316 16:37:57.720000 354230 .venv/lib/python3.10/site-packages/torch/_inductor/kernel/mm.py:738] [0/0] Tuned aten.mm: m=65536, n=512, k=512, mat1_dtype=torch.bfloat16, mat2_dtype=torch.bfloat16, output_layout=FixedLayout('cuda:0', torch.bfloat16, size=[65536, 512], stride=[512, 1])
I0316 16:37:57.735000 354230 .venv/lib/python3.10/site-packages/torch/_inductor/kernel/mm.py:738] [0/0] Tuned aten.mm: m=65536, n=512, k=1, mat1_dtype=torch.bfloat16, mat2_dtype=torch.bfloat16, output_layout=FixedLayout('cuda:0', torch.bfloat16, size=[65536, 512], stride=[512, 1])
I0316 16:37:57.736000 354230 .venv/lib/python3.10/site-packages/torch/_inductor/kernel/mm.py:738] [0/0] Tuned aten.mm: m=1, n=512, k=65536, mat1_dtype=torch.bfloat16, mat2_dtype=torch.bfloat16, output_layout=FixedLayout('cuda:0', torch.bfloat16, size=[1, 512], stride=[512, 1])
I0316 16:37:57.753000 354230 .venv/lib/python3.10/site-packages/torch/_inductor/kernel/mm.py:738] [0/0] Tuned aten.mm: m=512, n=512, k=65536, mat1_dtype=torch.bfloat16, mat2_dtype=torch.bfloat16, output_layout=FixedLayout('cuda:0', torch.bfloat16, size=[512, 512], stride=[512, 1])
I0316 16:37:57.753000 354230 .venv/lib/python3.10/site-packages/torch/_inductor/kernel/mm.py:738] [0/0] Tuned aten.mm: m=65536, n=512, k=512, mat1_dtype=torch.bfloat16, mat2_dtype=torch.bfloat16, output_layout=FixedLayout('cuda:0', torch.bfloat16, size=[65536, 512], stride=[512, 1])
I0316 16:37:57.758000 354230 .venv/lib/python3.10/site-packages/torch/_inductor/kernel/mm.py:738] [0/0] Tuned aten.mm: m=512, n=512, k=65536, mat1_dtype=torch.bfloat16, mat2_dtype=torch.bfloat16, output_layout=FixedLayout('cuda:0', torch.bfloat16, size=[512, 512], stride=[512, 1])
I0316 16:37:57.759000 354230 .venv/lib/python3.10/site-packages/torch/_inductor/kernel/mm.py:738] [0/0] Tuned aten.mm: m=65536, n=512, k=512, mat1_dtype=torch.bfloat16, mat2_dtype=torch.bfloat16, output_layout=FixedLayout('cuda:0', torch.bfloat16, size=[65536, 512], stride=[512, 1])
I0316 16:37:57.772000 354230 .venv/lib/python3.10/site-packages/torch/_inductor/kernel/mm.py:738] [0/0] Tuned aten.mm: m=512, n=2048, k=65536, mat1_dtype=torch.bfloat16, mat2_dtype=torch.bfloat16, output_layout=FixedLayout('cuda:0', torch.bfloat16, size=[512, 2048], stride=[2048, 1])
I0316 16:37:57.774000 354230 .venv/lib/python3.10/site-packages/torch/_inductor/kernel/mm.py:738] [0/0] Tuned aten.mm: m=65536, n=2048, k=512, mat1_dtype=torch.bfloat16, mat2_dtype=torch.bfloat16, output_layout=FixedLayout('cuda:0', torch.bfloat16, size=[65536, 2048], stride=[2048, 1])
I0316 16:37:57.782000 354230 .venv/lib/python3.10/site-packages/torch/_inductor/kernel/mm.py:738] [0/0] Tuned aten.mm: m=2048, n=512, k=65536, mat1_dtype=torch.bfloat16, mat2_dtype=torch.bfloat16, output_layout=FixedLayout('cuda:0', torch.bfloat16, size=[2048, 512], stride=[512, 1])
I0316 16:37:57.783000 354230 .venv/lib/python3.10/site-packages/torch/_inductor/kernel/mm.py:738] [0/0] Tuned aten.mm: m=65536, n=512, k=2048, mat1_dtype=torch.bfloat16, mat2_dtype=torch.bfloat16, output_layout=FixedLayout('cuda:0', torch.bfloat16, size=[65536, 512], stride=[512, 1])
I0316 16:37:57.793000 354230 .venv/lib/python3.10/site-packages/torch/_inductor/kernel/mm.py:738] [0/0] Tuned aten.mm: m=512, n=512, k=65536, mat1_dtype=torch.bfloat16, mat2_dtype=torch.bfloat16, output_layout=FixedLayout('cuda:0', torch.bfloat16, size=[512, 512], stride=[512, 1])
I0316 16:37:57.794000 354230 .venv/lib/python3.10/site-packages/torch/_inductor/kernel/mm.py:738] [0/0] Tuned aten.mm: m=65536, n=512, k=512, mat1_dtype=torch.bfloat16, mat2_dtype=torch.bfloat16, output_layout=FixedLayout('cuda:0', torch.bfloat16, size=[65536, 512], stride=[512, 1])
I0316 16:37:57.798000 354230 .venv/lib/python3.10/site-packages/torch/_inductor/graph.py:1204] [0/0] Creating implicit fallback for:
I0316 16:37:57.798000 354230 .venv/lib/python3.10/site-packages/torch/_inductor/graph.py:1204] [0/0]   target: _flash_attn3_cuda_2d990fe._flash_attn_backward.default
I0316 16:37:57.798000 354230 .venv/lib/python3.10/site-packages/torch/_inductor/graph.py:1204] [0/0]   args[0]: TensorBox(
I0316 16:37:57.798000 354230 .venv/lib/python3.10/site-packages/torch/_inductor/graph.py:1204] [0/0]     ReinterpretView(
I0316 16:37:57.798000 354230 .venv/lib/python3.10/site-packages/torch/_inductor/graph.py:1204] [0/0]       StorageBox(
I0316 16:37:57.798000 354230 .venv/lib/python3.10/site-packages/torch/_inductor/graph.py:1204] [0/0]         ExternKernelOut(
I0316 16:37:57.798000 354230 .venv/lib/python3.10/site-packages/torch/_inductor/graph.py:1204] [0/0]           python_kernel_name='extern_kernels.mm',
I0316 16:37:57.798000 354230 .venv/lib/python3.10/site-packages/torch/_inductor/graph.py:1204] [0/0]           name=buf155,
I0316 16:37:57.798000 354230 .venv/lib/python3.10/site-packages/torch/_inductor/graph.py:1204] [0/0]           layout=FixedLayout('cuda:0', torch.bfloat16, size=[65536, 512], stride=[512, 1]),
I0316 16:37:57.798000 354230 .venv/lib/python3.10/site-packages/torch/_inductor/graph.py:1204] [0/0]           inputs=[ComputedBuffer(name='buf153', layout=FixedLayout('cuda:0', torch.bfloat16, size=[65536, 512], stride=[512, 1]), data=Pointwise(device=device(type='cuda', index=0), dtype=torch.bfloat16, inner_fn=<function BaseView.make_loader.<locals>.loader at 0x739048417c70>, ranges=[65536, 512])), DonatedBuffer(name='permute_182', layout=FixedLayout('cuda:0', torch.bfloat16, size=[512, 512], stride=[512, 1]))],
I0316 16:37:57.798000 354230 .venv/lib/python3.10/site-packages/torch/_inductor/graph.py:1204] [0/0]           constant_args=(),
I0316 16:37:57.798000 354230 .venv/lib/python3.10/site-packages/torch/_inductor/graph.py:1204] [0/0]           kwargs={},
I0316 16:37:57.798000 354230 .venv/lib/python3.10/site-packages/torch/_inductor/graph.py:1204] [0/0]           output_view=None,
I0316 16:37:57.798000 354230 .venv/lib/python3.10/site-packages/torch/_inductor/graph.py:1204] [0/0]           python_kernel_name=extern_kernels.mm,
I0316 16:37:57.798000 354230 .venv/lib/python3.10/site-packages/torch/_inductor/graph.py:1204] [0/0]           cpp_kernel_name=at::mm_out,
I0316 16:37:57.798000 354230 .venv/lib/python3.10/site-packages/torch/_inductor/graph.py:1204] [0/0]           ordered_kwargs_for_cpp_kernel=['out'],
I0316 16:37:57.798000 354230 .venv/lib/python3.10/site-packages/torch/_inductor/graph.py:1204] [0/0]           op_overload=aten.mm.out,
I0316 16:37:57.798000 354230 .venv/lib/python3.10/site-packages/torch/_inductor/graph.py:1204] [0/0]           arg_properties=[{'name': 'self', 'type': Tensor, 'default_value': None}, {'name': 'mat2', 'type': Tensor, 'default_value': None}],
I0316 16:37:57.798000 354230 .venv/lib/python3.10/site-packages/torch/_inductor/graph.py:1204] [0/0]           allarg_properties={'self': {'type': Tensor, 'default_value': None}, 'mat2': {'type': Tensor, 'default_value': None}, 'out': {'type': Tensor, 'default_value': None}},
I0316 16:37:57.798000 354230 .venv/lib/python3.10/site-packages/torch/_inductor/graph.py:1204] [0/0]           kwarg_properties=None,
I0316 16:37:57.798000 354230 .venv/lib/python3.10/site-packages/torch/_inductor/graph.py:1204] [0/0]           unbacked_bindings={},
I0316 16:37:57.798000 354230 .venv/lib/python3.10/site-packages/torch/_inductor/graph.py:1204] [0/0]           mutation_outputs=[],
I0316 16:37:57.798000 354230 .venv/lib/python3.10/site-packages/torch/_inductor/graph.py:1204] [0/0]           origin_node=mm_122,
I0316 16:37:57.798000 354230 .venv/lib/python3.10/site-packages/torch/_inductor/graph.py:1204] [0/0]           origins=OrderedSet([mm_122]),
I0316 16:37:57.798000 354230 .venv/lib/python3.10/site-packages/torch/_inductor/graph.py:1204] [0/0]           stack_traces = {,
I0316 16:37:57.798000 354230 .venv/lib/python3.10/site-packages/torch/_inductor/graph.py:1204] [0/0]             File "/home/hata/autoresearch/train.py", line 532, in forward,
I0316 16:37:57.798000 354230 .venv/lib/python3.10/site-packages/torch/_inductor/graph.py:1204] [0/0]               x = block(x, ve, cos_sin, self.window_sizes[i]),
I0316 16:37:57.798000 354230 .venv/lib/python3.10/site-packages/torch/_inductor/graph.py:1204] [0/0]             File "/home/hata/autoresearch/train.py", line 249, in forward,
I0316 16:37:57.798000 354230 .venv/lib/python3.10/site-packages/torch/_inductor/graph.py:1204] [0/0]               out = x + self.attn(norm(x), ve, cos_sin, window_size),
I0316 16:37:57.798000 354230 .venv/lib/python3.10/site-packages/torch/_inductor/graph.py:1204] [0/0]             File "/home/hata/autoresearch/train.py", line 131, in forward,
I0316 16:37:57.798000 354230 .venv/lib/python3.10/site-packages/torch/_inductor/graph.py:1204] [0/0]               y = self.c_proj(y),
I0316 16:37:57.798000 354230 .venv/lib/python3.10/site-packages/torch/_inductor/graph.py:1204] [0/0]           ,
I0316 16:37:57.798000 354230 .venv/lib/python3.10/site-packages/torch/_inductor/graph.py:1204] [0/0]           }
I0316 16:37:57.798000 354230 .venv/lib/python3.10/site-packages/torch/_inductor/graph.py:1204] [0/0]         )
I0316 16:37:57.798000 354230 .venv/lib/python3.10/site-packages/torch/_inductor/graph.py:1204] [0/0]       ),
I0316 16:37:57.798000 354230 .venv/lib/python3.10/site-packages/torch/_inductor/graph.py:1204] [0/0]       FixedLayout('cuda:0', torch.bfloat16, size=[32, 2048, 4, 128], stride=[1048576, 512, 128, 1]),
I0316 16:37:57.798000 354230 .venv/lib/python3.10/site-packages/torch/_inductor/graph.py:1204] [0/0]       origins=OrderedSet([view_264, view_263]),
I0316 16:37:57.798000 354230 .venv/lib/python3.10/site-packages/torch/_inductor/graph.py:1204] [0/0]       stack_traces = {,
I0316 16:37:57.798000 354230 .venv/lib/python3.10/site-packages/torch/_inductor/graph.py:1204] [0/0]         File "/home/hata/autoresearch/train.py", line 532, in forward,
I0316 16:37:57.798000 354230 .venv/lib/python3.10/site-packages/torch/_inductor/graph.py:1204] [0/0]           x = block(x, ve, cos_sin, self.window_sizes[i]),
I0316 16:37:57.798000 354230 .venv/lib/python3.10/site-packages/torch/_inductor/graph.py:1204] [0/0]         File "/home/hata/autoresearch/train.py", line 249, in forward,
I0316 16:37:57.798000 354230 .venv/lib/python3.10/site-packages/torch/_inductor/graph.py:1204] [0/0]           out = x + self.attn(norm(x), ve, cos_sin, window_size),
I0316 16:37:57.798000 354230 .venv/lib/python3.10/site-packages/torch/_inductor/graph.py:1204] [0/0]         File "/home/hata/autoresearch/train.py", line 130, in forward,
I0316 16:37:57.798000 354230 .venv/lib/python3.10/site-packages/torch/_inductor/graph.py:1204] [0/0]           y = y.contiguous().view(B, T, -1),
I0316 16:37:57.798000 354230 .venv/lib/python3.10/site-packages/torch/_inductor/graph.py:1204] [0/0]       ,
I0316 16:37:57.798000 354230 .venv/lib/python3.10/site-packages/torch/_inductor/graph.py:1204] [0/0]       },
I0316 16:37:57.798000 354230 .venv/lib/python3.10/site-packages/torch/_inductor/graph.py:1204] [0/0]       stack_traces = {,
I0316 16:37:57.798000 354230 .venv/lib/python3.10/site-packages/torch/_inductor/graph.py:1204] [0/0]         File "/home/hata/autoresearch/train.py", line 532, in forward,
I0316 16:37:57.798000 354230 .venv/lib/python3.10/site-packages/torch/_inductor/graph.py:1204] [0/0]           x = block(x, ve, cos_sin, self.window_sizes[i]),
I0316 16:37:57.798000 354230 .venv/lib/python3.10/site-packages/torch/_inductor/graph.py:1204] [0/0]         File "/home/hata/autoresearch/train.py", line 249, in forward,
I0316 16:37:57.798000 354230 .venv/lib/python3.10/site-packages/torch/_inductor/graph.py:1204] [0/0]           out = x + self.attn(norm(x), ve, cos_sin, window_size),
I0316 16:37:57.798000 354230 .venv/lib/python3.10/site-packages/torch/_inductor/graph.py:1204] [0/0]         File "/home/hata/autoresearch/train.py", line 131, in forward,
I0316 16:37:57.798000 354230 .venv/lib/python3.10/site-packages/torch/_inductor/graph.py:1204] [0/0]           y = self.c_proj(y),
I0316 16:37:57.798000 354230 .venv/lib/python3.10/site-packages/torch/_inductor/graph.py:1204] [0/0]       ,
I0316 16:37:57.798000 354230 .venv/lib/python3.10/site-packages/torch/_inductor/graph.py:1204] [0/0]       }
I0316 16:37:57.798000 354230 .venv/lib/python3.10/site-packages/torch/_inductor/graph.py:1204] [0/0]     )
I0316 16:37:57.798000 354230 .venv/lib/python3.10/site-packages/torch/_inductor/graph.py:1204] [0/0]   )
I0316 16:37:57.798000 354230 .venv/lib/python3.10/site-packages/torch/_inductor/graph.py:1204] [0/0]   args[1]: TensorBox(StorageBox(
I0316 16:37:57.798000 354230 .venv/lib/python3.10/site-packages/torch/_inductor/graph.py:1204] [0/0]     DonatedBuffer(name='mul_127', layout=FixedLayout('cuda:0', torch.bfloat16, size=[32, 2048, 4, 128], stride=[1048576, 512, 128, 1]))
I0316 16:37:57.798000 354230 .venv/lib/python3.10/site-packages/torch/_inductor/graph.py:1204] [0/0]   ))
I0316 16:37:57.798000 354230 .venv/lib/python3.10/site-packages/torch/_inductor/graph.py:1204] [0/0]   args[2]: TensorBox(StorageBox(
I0316 16:37:57.798000 354230 .venv/lib/python3.10/site-packages/torch/_inductor/graph.py:1204] [0/0]     DonatedBuffer(name='convert_element_type_268', layout=FixedLayout('cuda:0', torch.bfloat16, size=[32, 2048, 4, 128], stride=[1048576, 512, 128, 1]))
I0316 16:37:57.798000 354230 .venv/lib/python3.10/site-packages/torch/_inductor/graph.py:1204] [0/0]   ))
I0316 16:37:57.798000 354230 .venv/lib/python3.10/site-packages/torch/_inductor/graph.py:1204] [0/0]   args[3]: TensorBox(StorageBox(
I0316 16:37:57.798000 354230 .venv/lib/python3.10/site-packages/torch/_inductor/graph.py:1204] [0/0]     DonatedBuffer(name='add_95', layout=FixedLayout('cuda:0', torch.bfloat16, size=[32, 2048, 4, 128], stride=[1048576, 512, 128, 1]))
I0316 16:37:57.798000 354230 .venv/lib/python3.10/site-packages/torch/_inductor/graph.py:1204] [0/0]   ))
I0316 16:37:57.798000 354230 .venv/lib/python3.10/site-packages/torch/_inductor/graph.py:1204] [0/0]   args[4]: TensorBox(StorageBox(
I0316 16:37:57.798000 354230 .venv/lib/python3.10/site-packages/torch/_inductor/graph.py:1204] [0/0]     DonatedBuffer(name='getitem_44', layout=FixedLayout('cuda:0', torch.bfloat16, size=[32, 2048, 4, 128], stride=[1048576, 512, 128, 1]))
I0316 16:37:57.798000 354230 .venv/lib/python3.10/site-packages/torch/_inductor/graph.py:1204] [0/0]   ))
I0316 16:37:57.798000 354230 .venv/lib/python3.10/site-packages/torch/_inductor/graph.py:1204] [0/0]   args[5]: TensorBox(StorageBox(
I0316 16:37:57.798000 354230 .venv/lib/python3.10/site-packages/torch/_inductor/graph.py:1204] [0/0]     DonatedBuffer(name='getitem_45', layout=FixedLayout('cuda:0', torch.float32, size=[32, 4, 2048], stride=[8192, 2048, 1]))
I0316 16:37:57.798000 354230 .venv/lib/python3.10/site-packages/torch/_inductor/graph.py:1204] [0/0]   ))
I0316 16:37:57.798000 354230 .venv/lib/python3.10/site-packages/torch/_inductor/graph.py:1204] [0/0]   args[6]: None
I0316 16:37:57.798000 354230 .venv/lib/python3.10/site-packages/torch/_inductor/graph.py:1204] [0/0]   args[7]: None
I0316 16:37:57.798000 354230 .venv/lib/python3.10/site-packages/torch/_inductor/graph.py:1204] [0/0]   args[8]: None
I0316 16:37:57.798000 354230 .venv/lib/python3.10/site-packages/torch/_inductor/graph.py:1204] [0/0]   args[9]: None
I0316 16:37:57.798000 354230 .venv/lib/python3.10/site-packages/torch/_inductor/graph.py:1204] [0/0]   args[10]: None
I0316 16:37:57.798000 354230 .venv/lib/python3.10/site-packages/torch/_inductor/graph.py:1204] [0/0]   args[11]: None
I0316 16:37:57.798000 354230 .venv/lib/python3.10/site-packages/torch/_inductor/graph.py:1204] [0/0]   args[12]: TensorBox(
I0316 16:37:57.798000 354230 .venv/lib/python3.10/site-packages/torch/_inductor/graph.py:1204] [0/0]     ReinterpretView(
I0316 16:37:57.798000 354230 .venv/lib/python3.10/site-packages/torch/_inductor/graph.py:1204] [0/0]       StorageBox(
I0316 16:37:57.798000 354230 .venv/lib/python3.10/site-packages/torch/_inductor/graph.py:1204] [0/0]         ComputedBuffer(name='buf157', layout=FixedLayout('cuda:0', torch.bfloat16, size=[32, 2048, 4, 128], stride=[1048576, 512, 128, 1]), data=Pointwise(device=device(type='cuda', index=0), dtype=torch.bfloat16, inner_fn=<function _full.<locals>.inner_fn at 0x7390484c2f80>, ranges=[0, 0, 0, 0]))
I0316 16:37:57.798000 354230 .venv/lib/python3.10/site-packages/torch/_inductor/graph.py:1204] [0/0]       ),
I0316 16:37:57.798000 354230 .venv/lib/python3.10/site-packages/torch/_inductor/graph.py:1204] [0/0]       FixedLayout('cuda:0', torch.bfloat16, size=[32, 2048, 4, 128], stride=[1048576, 512, 128, 1]),
I0316 16:37:57.798000 354230 .venv/lib/python3.10/site-packages/torch/_inductor/graph.py:1204] [0/0]       origins=OrderedSet([permute_184]),
I0316 16:37:57.798000 354230 .venv/lib/python3.10/site-packages/torch/_inductor/graph.py:1204] [0/0]       stack_traces = {,
I0316 16:37:57.798000 354230 .venv/lib/python3.10/site-packages/torch/_inductor/graph.py:1204] [0/0]         File "/home/hata/autoresearch/train.py", line 532, in forward,
I0316 16:37:57.798000 354230 .venv/lib/python3.10/site-packages/torch/_inductor/graph.py:1204] [0/0]           x = block(x, ve, cos_sin, self.window_sizes[i]),
I0316 16:37:57.798000 354230 .venv/lib/python3.10/site-packages/torch/_inductor/graph.py:1204] [0/0]         File "/home/hata/autoresearch/train.py", line 249, in forward,
I0316 16:37:57.798000 354230 .venv/lib/python3.10/site-packages/torch/_inductor/graph.py:1204] [0/0]           out = x + self.attn(norm(x), ve, cos_sin, window_size),
I0316 16:37:57.798000 354230 .venv/lib/python3.10/site-packages/torch/_inductor/graph.py:1204] [0/0]         File "/home/hata/autoresearch/train.py", line 119, in forward,
I0316 16:37:57.798000 354230 .venv/lib/python3.10/site-packages/torch/_inductor/graph.py:1204] [0/0]           y = fa3.flash_attn_func(q, k, v, causal=True, window_size=window_size),
I0316 16:37:57.798000 354230 .venv/lib/python3.10/site-packages/torch/_inductor/graph.py:1204] [0/0]         File "/home/hata/.cache/huggingface/hub/models--kernels-community--flash-attn3/snapshots/6f7c28dd63263f03ef5dbc0a23cc2d9a084ee6c7/build/torch29-cxx11-cu128-x86_64-linux/flash_attn_interface.py", line 852, in flash_attn_func,
I0316 16:37:57.798000 354230 .venv/lib/python3.10/site-packages/torch/_inductor/graph.py:1204] [0/0]           return FlashAttnFunc.apply(,
I0316 16:37:57.798000 354230 .venv/lib/python3.10/site-packages/torch/_inductor/graph.py:1204] [0/0]       ,
I0316 16:37:57.798000 354230 .venv/lib/python3.10/site-packages/torch/_inductor/graph.py:1204] [0/0]       }
I0316 16:37:57.798000 354230 .venv/lib/python3.10/site-packages/torch/_inductor/graph.py:1204] [0/0]     )
I0316 16:37:57.798000 354230 .venv/lib/python3.10/site-packages/torch/_inductor/graph.py:1204] [0/0]   )
I0316 16:37:57.798000 354230 .venv/lib/python3.10/site-packages/torch/_inductor/graph.py:1204] [0/0]   args[13]: TensorBox(
I0316 16:37:57.798000 354230 .venv/lib/python3.10/site-packages/torch/_inductor/graph.py:1204] [0/0]     ReinterpretView(
I0316 16:37:57.798000 354230 .venv/lib/python3.10/site-packages/torch/_inductor/graph.py:1204] [0/0]       StorageBox(
I0316 16:37:57.798000 354230 .venv/lib/python3.10/site-packages/torch/_inductor/graph.py:1204] [0/0]         ComputedBuffer(name='buf158', layout=FixedLayout('cuda:0', torch.bfloat16, size=[32, 2048, 4, 128], stride=[1048576, 512, 128, 1]), data=Pointwise(device=device(type='cuda', index=0), dtype=torch.bfloat16, inner_fn=<function _full.<locals>.inner_fn at 0x73904a342cb0>, ranges=[0, 0, 0, 0]))
I0316 16:37:57.798000 354230 .venv/lib/python3.10/site-packages/torch/_inductor/graph.py:1204] [0/0]       ),
I0316 16:37:57.798000 354230 .venv/lib/python3.10/site-packages/torch/_inductor/graph.py:1204] [0/0]       FixedLayout('cuda:0', torch.bfloat16, size=[32, 2048, 4, 128], stride=[1048576, 512, 128, 1]),
I0316 16:37:57.798000 354230 .venv/lib/python3.10/site-packages/torch/_inductor/graph.py:1204] [0/0]       origins=OrderedSet([permute_185]),
I0316 16:37:57.798000 354230 .venv/lib/python3.10/site-packages/torch/_inductor/graph.py:1204] [0/0]       stack_traces = {,
I0316 16:37:57.798000 354230 .venv/lib/python3.10/site-packages/torch/_inductor/graph.py:1204] [0/0]         File "/home/hata/autoresearch/train.py", line 532, in forward,
I0316 16:37:57.798000 354230 .venv/lib/python3.10/site-packages/torch/_inductor/graph.py:1204] [0/0]           x = block(x, ve, cos_sin, self.window_sizes[i]),
I0316 16:37:57.798000 354230 .venv/lib/python3.10/site-packages/torch/_inductor/graph.py:1204] [0/0]         File "/home/hata/autoresearch/train.py", line 249, in forward,
I0316 16:37:57.798000 354230 .venv/lib/python3.10/site-packages/torch/_inductor/graph.py:1204] [0/0]           out = x + self.attn(norm(x), ve, cos_sin, window_size),
I0316 16:37:57.798000 354230 .venv/lib/python3.10/site-packages/torch/_inductor/graph.py:1204] [0/0]         File "/home/hata/autoresearch/train.py", line 119, in forward,
I0316 16:37:57.798000 354230 .venv/lib/python3.10/site-packages/torch/_inductor/graph.py:1204] [0/0]           y = fa3.flash_attn_func(q, k, v, causal=True, window_size=window_size),
I0316 16:37:57.798000 354230 .venv/lib/python3.10/site-packages/torch/_inductor/graph.py:1204] [0/0]         File "/home/hata/.cache/huggingface/hub/models--kernels-community--flash-attn3/snapshots/6f7c28dd63263f03ef5dbc0a23cc2d9a084ee6c7/build/torch29-cxx11-cu128-x86_64-linux/flash_attn_interface.py", line 852, in flash_attn_func,
I0316 16:37:57.798000 354230 .venv/lib/python3.10/site-packages/torch/_inductor/graph.py:1204] [0/0]           return FlashAttnFunc.apply(,
I0316 16:37:57.798000 354230 .venv/lib/python3.10/site-packages/torch/_inductor/graph.py:1204] [0/0]       ,
I0316 16:37:57.798000 354230 .venv/lib/python3.10/site-packages/torch/_inductor/graph.py:1204] [0/0]       }
I0316 16:37:57.798000 354230 .venv/lib/python3.10/site-packages/torch/_inductor/graph.py:1204] [0/0]     )
I0316 16:37:57.798000 354230 .venv/lib/python3.10/site-packages/torch/_inductor/graph.py:1204] [0/0]   )
I0316 16:37:57.798000 354230 .venv/lib/python3.10/site-packages/torch/_inductor/graph.py:1204] [0/0]   args[14]: TensorBox(
I0316 16:37:57.798000 354230 .venv/lib/python3.10/site-packages/torch/_inductor/graph.py:1204] [0/0]     ReinterpretView(
I0316 16:37:57.798000 354230 .venv/lib/python3.10/site-packages/torch/_inductor/graph.py:1204] [0/0]       StorageBox(
I0316 16:37:57.798000 354230 .venv/lib/python3.10/site-packages/torch/_inductor/graph.py:1204] [0/0]         ComputedBuffer(name='buf159', layout=FixedLayout('cuda:0', torch.bfloat16, size=[32, 2048, 4, 128], stride=[1048576, 512, 128, 1]), data=Pointwise(device=device(type='cuda', index=0), dtype=torch.bfloat16, inner_fn=<function _full.<locals>.inner_fn at 0x7390487fe9e0>, ranges=[0, 0, 0, 0]))
I0316 16:37:57.798000 354230 .venv/lib/python3.10/site-packages/torch/_inductor/graph.py:1204] [0/0]       ),
I0316 16:37:57.798000 354230 .venv/lib/python3.10/site-packages/torch/_inductor/graph.py:1204] [0/0]       FixedLayout('cuda:0', torch.bfloat16, size=[32, 2048, 4, 128], stride=[1048576, 512, 128, 1]),
I0316 16:37:57.798000 354230 .venv/lib/python3.10/site-packages/torch/_inductor/graph.py:1204] [0/0]       origins=OrderedSet([permute_186]),
I0316 16:37:57.798000 354230 .venv/lib/python3.10/site-packages/torch/_inductor/graph.py:1204] [0/0]       stack_traces = {,
I0316 16:37:57.798000 354230 .venv/lib/python3.10/site-packages/torch/_inductor/graph.py:1204] [0/0]         File "/home/hata/autoresearch/train.py", line 532, in forward,
I0316 16:37:57.798000 354230 .venv/lib/python3.10/site-packages/torch/_inductor/graph.py:1204] [0/0]           x = block(x, ve, cos_sin, self.window_sizes[i]),
I0316 16:37:57.798000 354230 .venv/lib/python3.10/site-packages/torch/_inductor/graph.py:1204] [0/0]         File "/home/hata/autoresearch/train.py", line 249, in forward,
I0316 16:37:57.798000 354230 .venv/lib/python3.10/site-packages/torch/_inductor/graph.py:1204] [0/0]           out = x + self.attn(norm(x), ve, cos_sin, window_size),
I0316 16:37:57.798000 354230 .venv/lib/python3.10/site-packages/torch/_inductor/graph.py:1204] [0/0]         File "/home/hata/autoresearch/train.py", line 119, in forward,
I0316 16:37:57.798000 354230 .venv/lib/python3.10/site-packages/torch/_inductor/graph.py:1204] [0/0]           y = fa3.flash_attn_func(q, k, v, causal=True, window_size=window_size),
I0316 16:37:57.798000 354230 .venv/lib/python3.10/site-packages/torch/_inductor/graph.py:1204] [0/0]         File "/home/hata/.cache/huggingface/hub/models--kernels-community--flash-attn3/snapshots/6f7c28dd63263f03ef5dbc0a23cc2d9a084ee6c7/build/torch29-cxx11-cu128-x86_64-linux/flash_attn_interface.py", line 852, in flash_attn_func,
I0316 16:37:57.798000 354230 .venv/lib/python3.10/site-packages/torch/_inductor/graph.py:1204] [0/0]           return FlashAttnFunc.apply(,
I0316 16:37:57.798000 354230 .venv/lib/python3.10/site-packages/torch/_inductor/graph.py:1204] [0/0]       ,
I0316 16:37:57.798000 354230 .venv/lib/python3.10/site-packages/torch/_inductor/graph.py:1204] [0/0]       }
I0316 16:37:57.798000 354230 .venv/lib/python3.10/site-packages/torch/_inductor/graph.py:1204] [0/0]     )
I0316 16:37:57.798000 354230 .venv/lib/python3.10/site-packages/torch/_inductor/graph.py:1204] [0/0]   )
I0316 16:37:57.798000 354230 .venv/lib/python3.10/site-packages/torch/_inductor/graph.py:1204] [0/0]   args[15]: 0.08838834764831845
I0316 16:37:57.798000 354230 .venv/lib/python3.10/site-packages/torch/_inductor/graph.py:1204] [0/0]   args[16]: True
I0316 16:37:57.798000 354230 .venv/lib/python3.10/site-packages/torch/_inductor/graph.py:1204] [0/0]   args[17]: 2048
I0316 16:37:57.798000 354230 .venv/lib/python3.10/site-packages/torch/_inductor/graph.py:1204] [0/0]   args[18]: 0
I0316 16:37:57.871000 354230 .venv/lib/python3.10/site-packages/torch/_inductor/kernel/mm.py:738] [0/0] Tuned aten.mm: m=4, n=32, k=65536, mat1_dtype=torch.bfloat16, mat2_dtype=torch.bfloat16, output_layout=FixedLayout('cuda:0', torch.bfloat16, size=[4, 32], stride=[32, 1])
I0316 16:37:57.872000 354230 .venv/lib/python3.10/site-packages/torch/_inductor/kernel/mm.py:738] [0/0] Tuned aten.mm: m=65536, n=32, k=4, mat1_dtype=torch.bfloat16, mat2_dtype=torch.bfloat16, output_layout=FixedLayout('cuda:0', torch.bfloat16, size=[65536, 32], stride=[32, 1])
I0316 16:37:57.877000 354230 .venv/lib/python3.10/site-packages/torch/_inductor/kernel/mm.py:738] [0/0] Tuned aten.mm: m=512, n=512, k=65536, mat1_dtype=torch.bfloat16, mat2_dtype=torch.bfloat16, output_layout=FixedLayout('cuda:0', torch.bfloat16, size=[512, 512], stride=[512, 1])
I0316 16:37:57.878000 354230 .venv/lib/python3.10/site-packages/torch/_inductor/kernel/mm.py:738] [0/0] Tuned aten.mm: m=65536, n=512, k=512, mat1_dtype=torch.bfloat16, mat2_dtype=torch.bfloat16, output_layout=FixedLayout('cuda:0', torch.bfloat16, size=[65536, 512], stride=[512, 1])
I0316 16:37:57.891000 354230 .venv/lib/python3.10/site-packages/torch/_inductor/kernel/mm.py:738] [0/0] Tuned aten.mm: m=512, n=512, k=65536, mat1_dtype=torch.bfloat16, mat2_dtype=torch.bfloat16, output_layout=FixedLayout('cuda:0', torch.bfloat16, size=[512, 512], stride=[512, 1])
I0316 16:37:57.892000 354230 .venv/lib/python3.10/site-packages/torch/_inductor/kernel/mm.py:738] [0/0] Tuned aten.mm: m=65536, n=512, k=512, mat1_dtype=torch.bfloat16, mat2_dtype=torch.bfloat16, output_layout=FixedLayout('cuda:0', torch.bfloat16, size=[65536, 512], stride=[512, 1])
I0316 16:37:57.895000 354230 .venv/lib/python3.10/site-packages/torch/_inductor/kernel/mm.py:738] [0/0] Tuned aten.mm: m=512, n=512, k=65536, mat1_dtype=torch.bfloat16, mat2_dtype=torch.bfloat16, output_layout=FixedLayout('cuda:0', torch.bfloat16, size=[512, 512], stride=[512, 1])
I0316 16:37:57.896000 354230 .venv/lib/python3.10/site-packages/torch/_inductor/kernel/mm.py:738] [0/0] Tuned aten.mm: m=65536, n=512, k=512, mat1_dtype=torch.bfloat16, mat2_dtype=torch.bfloat16, output_layout=FixedLayout('cuda:0', torch.bfloat16, size=[65536, 512], stride=[512, 1])
I0316 16:37:57.918000 354230 .venv/lib/python3.10/site-packages/torch/_inductor/kernel/mm.py:738] [0/0] Tuned aten.mm: m=512, n=2048, k=65536, mat1_dtype=torch.bfloat16, mat2_dtype=torch.bfloat16, output_layout=FixedLayout('cuda:0', torch.bfloat16, size=[512, 2048], stride=[2048, 1])
I0316 16:37:57.919000 354230 .venv/lib/python3.10/site-packages/torch/_inductor/kernel/mm.py:738] [0/0] Tuned aten.mm: m=65536, n=2048, k=512, mat1_dtype=torch.bfloat16, mat2_dtype=torch.bfloat16, output_layout=FixedLayout('cuda:0', torch.bfloat16, size=[65536, 2048], stride=[2048, 1])
I0316 16:37:57.927000 354230 .venv/lib/python3.10/site-packages/torch/_inductor/kernel/mm.py:738] [0/0] Tuned aten.mm: m=2048, n=512, k=65536, mat1_dtype=torch.bfloat16, mat2_dtype=torch.bfloat16, output_layout=FixedLayout('cuda:0', torch.bfloat16, size=[2048, 512], stride=[512, 1])
I0316 16:37:57.927000 354230 .venv/lib/python3.10/site-packages/torch/_inductor/kernel/mm.py:738] [0/0] Tuned aten.mm: m=65536, n=512, k=2048, mat1_dtype=torch.bfloat16, mat2_dtype=torch.bfloat16, output_layout=FixedLayout('cuda:0', torch.bfloat16, size=[65536, 512], stride=[512, 1])
I0316 16:37:57.937000 354230 .venv/lib/python3.10/site-packages/torch/_inductor/kernel/mm.py:738] [0/0] Tuned aten.mm: m=512, n=512, k=65536, mat1_dtype=torch.bfloat16, mat2_dtype=torch.bfloat16, output_layout=FixedLayout('cuda:0', torch.bfloat16, size=[512, 512], stride=[512, 1])
I0316 16:37:57.937000 354230 .venv/lib/python3.10/site-packages/torch/_inductor/kernel/mm.py:738] [0/0] Tuned aten.mm: m=65536, n=512, k=512, mat1_dtype=torch.bfloat16, mat2_dtype=torch.bfloat16, output_layout=FixedLayout('cuda:0', torch.bfloat16, size=[65536, 512], stride=[512, 1])
I0316 16:37:57.984000 354230 .venv/lib/python3.10/site-packages/torch/_inductor/kernel/mm.py:738] [0/0] Tuned aten.mm: m=512, n=512, k=65536, mat1_dtype=torch.bfloat16, mat2_dtype=torch.bfloat16, output_layout=FixedLayout('cuda:0', torch.bfloat16, size=[512, 512], stride=[512, 1])
I0316 16:37:57.985000 354230 .venv/lib/python3.10/site-packages/torch/_inductor/kernel/mm.py:738] [0/0] Tuned aten.mm: m=65536, n=512, k=512, mat1_dtype=torch.bfloat16, mat2_dtype=torch.bfloat16, output_layout=FixedLayout('cuda:0', torch.bfloat16, size=[65536, 512], stride=[512, 1])
I0316 16:37:57.988000 354230 .venv/lib/python3.10/site-packages/torch/_inductor/kernel/mm.py:738] [0/0] Tuned aten.mm: m=512, n=512, k=65536, mat1_dtype=torch.bfloat16, mat2_dtype=torch.bfloat16, output_layout=FixedLayout('cuda:0', torch.bfloat16, size=[512, 512], stride=[512, 1])
I0316 16:37:57.988000 354230 .venv/lib/python3.10/site-packages/torch/_inductor/kernel/mm.py:738] [0/0] Tuned aten.mm: m=65536, n=512, k=512, mat1_dtype=torch.bfloat16, mat2_dtype=torch.bfloat16, output_layout=FixedLayout('cuda:0', torch.bfloat16, size=[65536, 512], stride=[512, 1])
I0316 16:37:57.992000 354230 .venv/lib/python3.10/site-packages/torch/_inductor/kernel/mm.py:738] [0/0] Tuned aten.mm: m=512, n=512, k=65536, mat1_dtype=torch.bfloat16, mat2_dtype=torch.bfloat16, output_layout=FixedLayout('cuda:0', torch.bfloat16, size=[512, 512], stride=[512, 1])
I0316 16:37:57.993000 354230 .venv/lib/python3.10/site-packages/torch/_inductor/kernel/mm.py:738] [0/0] Tuned aten.mm: m=65536, n=512, k=512, mat1_dtype=torch.bfloat16, mat2_dtype=torch.bfloat16, output_layout=FixedLayout('cuda:0', torch.bfloat16, size=[65536, 512], stride=[512, 1])
I0316 16:37:58.028000 354230 .venv/lib/python3.10/site-packages/torch/_inductor/kernel/mm.py:738] [0/0] Tuned aten.mm: m=512, n=512, k=65536, mat1_dtype=torch.bfloat16, mat2_dtype=torch.bfloat16, output_layout=FixedLayout('cuda:0', torch.bfloat16, size=[512, 512], stride=[512, 1])
I0316 16:37:58.029000 354230 .venv/lib/python3.10/site-packages/torch/_inductor/kernel/mm.py:738] [0/0] Tuned aten.mm: m=65536, n=512, k=512, mat1_dtype=torch.bfloat16, mat2_dtype=torch.bfloat16, output_layout=FixedLayout('cuda:0', torch.bfloat16, size=[65536, 512], stride=[512, 1])
I0316 16:37:58.032000 354230 .venv/lib/python3.10/site-packages/torch/_inductor/kernel/mm.py:738] [0/0] Tuned aten.mm: m=512, n=512, k=65536, mat1_dtype=torch.bfloat16, mat2_dtype=torch.bfloat16, output_layout=FixedLayout('cuda:0', torch.bfloat16, size=[512, 512], stride=[512, 1])
I0316 16:37:58.033000 354230 .venv/lib/python3.10/site-packages/torch/_inductor/kernel/mm.py:738] [0/0] Tuned aten.mm: m=65536, n=512, k=512, mat1_dtype=torch.bfloat16, mat2_dtype=torch.bfloat16, output_layout=FixedLayout('cuda:0', torch.bfloat16, size=[65536, 512], stride=[512, 1])
I0316 16:37:58.036000 354230 .venv/lib/python3.10/site-packages/torch/_inductor/kernel/mm.py:738] [0/0] Tuned aten.mm: m=512, n=2048, k=65536, mat1_dtype=torch.bfloat16, mat2_dtype=torch.bfloat16, output_layout=FixedLayout('cuda:0', torch.bfloat16, size=[512, 2048], stride=[2048, 1])
I0316 16:37:58.037000 354230 .venv/lib/python3.10/site-packages/torch/_inductor/kernel/mm.py:738] [0/0] Tuned aten.mm: m=65536, n=2048, k=512, mat1_dtype=torch.bfloat16, mat2_dtype=torch.bfloat16, output_layout=FixedLayout('cuda:0', torch.bfloat16, size=[65536, 2048], stride=[2048, 1])
I0316 16:37:58.044000 354230 .venv/lib/python3.10/site-packages/torch/_inductor/kernel/mm.py:738] [0/0] Tuned aten.mm: m=2048, n=512, k=65536, mat1_dtype=torch.bfloat16, mat2_dtype=torch.bfloat16, output_layout=FixedLayout('cuda:0', torch.bfloat16, size=[2048, 512], stride=[512, 1])
I0316 16:37:58.045000 354230 .venv/lib/python3.10/site-packages/torch/_inductor/kernel/mm.py:738] [0/0] Tuned aten.mm: m=65536, n=512, k=2048, mat1_dtype=torch.bfloat16, mat2_dtype=torch.bfloat16, output_layout=FixedLayout('cuda:0', torch.bfloat16, size=[65536, 512], stride=[512, 1])
I0316 16:37:58.054000 354230 .venv/lib/python3.10/site-packages/torch/_inductor/kernel/mm.py:738] [0/0] Tuned aten.mm: m=512, n=512, k=65536, mat1_dtype=torch.bfloat16, mat2_dtype=torch.bfloat16, output_layout=FixedLayout('cuda:0', torch.bfloat16, size=[512, 512], stride=[512, 1])
I0316 16:37:58.055000 354230 .venv/lib/python3.10/site-packages/torch/_inductor/kernel/mm.py:738] [0/0] Tuned aten.mm: m=65536, n=512, k=512, mat1_dtype=torch.bfloat16, mat2_dtype=torch.bfloat16, output_layout=FixedLayout('cuda:0', torch.bfloat16, size=[65536, 512], stride=[512, 1])
I0316 16:37:58.109000 354230 .venv/lib/python3.10/site-packages/torch/_inductor/kernel/mm.py:738] [0/0] Tuned aten.mm: m=4, n=32, k=65536, mat1_dtype=torch.bfloat16, mat2_dtype=torch.bfloat16, output_layout=FixedLayout('cuda:0', torch.bfloat16, size=[4, 32], stride=[32, 1])
I0316 16:37:58.109000 354230 .venv/lib/python3.10/site-packages/torch/_inductor/kernel/mm.py:738] [0/0] Tuned aten.mm: m=65536, n=32, k=4, mat1_dtype=torch.bfloat16, mat2_dtype=torch.bfloat16, output_layout=FixedLayout('cuda:0', torch.bfloat16, size=[65536, 32], stride=[32, 1])
I0316 16:37:58.114000 354230 .venv/lib/python3.10/site-packages/torch/_inductor/kernel/mm.py:738] [0/0] Tuned aten.mm: m=512, n=512, k=65536, mat1_dtype=torch.bfloat16, mat2_dtype=torch.bfloat16, output_layout=FixedLayout('cuda:0', torch.bfloat16, size=[512, 512], stride=[512, 1])
I0316 16:37:58.115000 354230 .venv/lib/python3.10/site-packages/torch/_inductor/kernel/mm.py:738] [0/0] Tuned aten.mm: m=65536, n=512, k=512, mat1_dtype=torch.bfloat16, mat2_dtype=torch.bfloat16, output_layout=FixedLayout('cuda:0', torch.bfloat16, size=[65536, 512], stride=[512, 1])
I0316 16:37:58.119000 354230 .venv/lib/python3.10/site-packages/torch/_inductor/kernel/mm.py:738] [0/0] Tuned aten.mm: m=512, n=512, k=65536, mat1_dtype=torch.bfloat16, mat2_dtype=torch.bfloat16, output_layout=FixedLayout('cuda:0', torch.bfloat16, size=[512, 512], stride=[512, 1])
I0316 16:37:58.120000 354230 .venv/lib/python3.10/site-packages/torch/_inductor/kernel/mm.py:738] [0/0] Tuned aten.mm: m=65536, n=512, k=512, mat1_dtype=torch.bfloat16, mat2_dtype=torch.bfloat16, output_layout=FixedLayout('cuda:0', torch.bfloat16, size=[65536, 512], stride=[512, 1])
I0316 16:37:58.124000 354230 .venv/lib/python3.10/site-packages/torch/_inductor/kernel/mm.py:738] [0/0] Tuned aten.mm: m=512, n=512, k=65536, mat1_dtype=torch.bfloat16, mat2_dtype=torch.bfloat16, output_layout=FixedLayout('cuda:0', torch.bfloat16, size=[512, 512], stride=[512, 1])
I0316 16:37:58.124000 354230 .venv/lib/python3.10/site-packages/torch/_inductor/kernel/mm.py:738] [0/0] Tuned aten.mm: m=65536, n=512, k=512, mat1_dtype=torch.bfloat16, mat2_dtype=torch.bfloat16, output_layout=FixedLayout('cuda:0', torch.bfloat16, size=[65536, 512], stride=[512, 1])
I0316 16:37:58.143000 354230 .venv/lib/python3.10/site-packages/torch/_inductor/kernel/mm.py:738] [0/0] Tuned aten.mm: m=512, n=2048, k=65536, mat1_dtype=torch.bfloat16, mat2_dtype=torch.bfloat16, output_layout=FixedLayout('cuda:0', torch.bfloat16, size=[512, 2048], stride=[2048, 1])
I0316 16:37:58.144000 354230 .venv/lib/python3.10/site-packages/torch/_inductor/kernel/mm.py:738] [0/0] Tuned aten.mm: m=65536, n=2048, k=512, mat1_dtype=torch.bfloat16, mat2_dtype=torch.bfloat16, output_layout=FixedLayout('cuda:0', torch.bfloat16, size=[65536, 2048], stride=[2048, 1])
I0316 16:37:58.152000 354230 .venv/lib/python3.10/site-packages/torch/_inductor/kernel/mm.py:738] [0/0] Tuned aten.mm: m=2048, n=512, k=65536, mat1_dtype=torch.bfloat16, mat2_dtype=torch.bfloat16, output_layout=FixedLayout('cuda:0', torch.bfloat16, size=[2048, 512], stride=[512, 1])
I0316 16:37:58.153000 354230 .venv/lib/python3.10/site-packages/torch/_inductor/kernel/mm.py:738] [0/0] Tuned aten.mm: m=65536, n=512, k=2048, mat1_dtype=torch.bfloat16, mat2_dtype=torch.bfloat16, output_layout=FixedLayout('cuda:0', torch.bfloat16, size=[65536, 512], stride=[512, 1])
I0316 16:37:58.162000 354230 .venv/lib/python3.10/site-packages/torch/_inductor/kernel/mm.py:738] [0/0] Tuned aten.mm: m=512, n=512, k=65536, mat1_dtype=torch.bfloat16, mat2_dtype=torch.bfloat16, output_layout=FixedLayout('cuda:0', torch.bfloat16, size=[512, 512], stride=[512, 1])
I0316 16:37:58.163000 354230 .venv/lib/python3.10/site-packages/torch/_inductor/kernel/mm.py:738] [0/0] Tuned aten.mm: m=65536, n=512, k=512, mat1_dtype=torch.bfloat16, mat2_dtype=torch.bfloat16, output_layout=FixedLayout('cuda:0', torch.bfloat16, size=[65536, 512], stride=[512, 1])
I0316 16:37:58.207000 354230 .venv/lib/python3.10/site-packages/torch/_inductor/kernel/mm.py:738] [0/0] Tuned aten.mm: m=512, n=512, k=65536, mat1_dtype=torch.bfloat16, mat2_dtype=torch.bfloat16, output_layout=FixedLayout('cuda:0', torch.bfloat16, size=[512, 512], stride=[512, 1])
I0316 16:37:58.208000 354230 .venv/lib/python3.10/site-packages/torch/_inductor/kernel/mm.py:738] [0/0] Tuned aten.mm: m=65536, n=512, k=512, mat1_dtype=torch.bfloat16, mat2_dtype=torch.bfloat16, output_layout=FixedLayout('cuda:0', torch.bfloat16, size=[65536, 512], stride=[512, 1])
I0316 16:37:58.211000 354230 .venv/lib/python3.10/site-packages/torch/_inductor/kernel/mm.py:738] [0/0] Tuned aten.mm: m=512, n=512, k=65536, mat1_dtype=torch.bfloat16, mat2_dtype=torch.bfloat16, output_layout=FixedLayout('cuda:0', torch.bfloat16, size=[512, 512], stride=[512, 1])
I0316 16:37:58.211000 354230 .venv/lib/python3.10/site-packages/torch/_inductor/kernel/mm.py:738] [0/0] Tuned aten.mm: m=65536, n=512, k=512, mat1_dtype=torch.bfloat16, mat2_dtype=torch.bfloat16, output_layout=FixedLayout('cuda:0', torch.bfloat16, size=[65536, 512], stride=[512, 1])
I0316 16:37:58.215000 354230 .venv/lib/python3.10/site-packages/torch/_inductor/kernel/mm.py:738] [0/0] Tuned aten.mm: m=512, n=512, k=65536, mat1_dtype=torch.bfloat16, mat2_dtype=torch.bfloat16, output_layout=FixedLayout('cuda:0', torch.bfloat16, size=[512, 512], stride=[512, 1])
I0316 16:37:58.215000 354230 .venv/lib/python3.10/site-packages/torch/_inductor/kernel/mm.py:738] [0/0] Tuned aten.mm: m=65536, n=512, k=512, mat1_dtype=torch.bfloat16, mat2_dtype=torch.bfloat16, output_layout=FixedLayout('cuda:0', torch.bfloat16, size=[65536, 512], stride=[512, 1])
I0316 16:37:58.224000 354230 .venv/lib/python3.10/site-packages/torch/_inductor/kernel/mm.py:738] [0/0] Tuned aten.mm: m=512, n=512, k=65536, mat1_dtype=torch.bfloat16, mat2_dtype=torch.bfloat16, output_layout=FixedLayout('cuda:0', torch.bfloat16, size=[512, 512], stride=[512, 1])
I0316 16:37:58.225000 354230 .venv/lib/python3.10/site-packages/torch/_inductor/kernel/mm.py:738] [0/0] Tuned aten.mm: m=65536, n=512, k=512, mat1_dtype=torch.bfloat16, mat2_dtype=torch.bfloat16, output_layout=FixedLayout('cuda:0', torch.bfloat16, size=[65536, 512], stride=[512, 1])
I0316 16:37:58.237000 354230 .venv/lib/python3.10/site-packages/torch/_inductor/kernel/mm.py:738] [0/0] Tuned aten.mm: m=512, n=2048, k=65536, mat1_dtype=torch.bfloat16, mat2_dtype=torch.bfloat16, output_layout=FixedLayout('cuda:0', torch.bfloat16, size=[512, 2048], stride=[2048, 1])
I0316 16:37:58.238000 354230 .venv/lib/python3.10/site-packages/torch/_inductor/kernel/mm.py:738] [0/0] Tuned aten.mm: m=65536, n=2048, k=512, mat1_dtype=torch.bfloat16, mat2_dtype=torch.bfloat16, output_layout=FixedLayout('cuda:0', torch.bfloat16, size=[65536, 2048], stride=[2048, 1])
I0316 16:37:58.244000 354230 .venv/lib/python3.10/site-packages/torch/_inductor/kernel/mm.py:738] [0/0] Tuned aten.mm: m=2048, n=512, k=65536, mat1_dtype=torch.bfloat16, mat2_dtype=torch.bfloat16, output_layout=FixedLayout('cuda:0', torch.bfloat16, size=[2048, 512], stride=[512, 1])
I0316 16:37:58.245000 354230 .venv/lib/python3.10/site-packages/torch/_inductor/kernel/mm.py:738] [0/0] Tuned aten.mm: m=65536, n=512, k=2048, mat1_dtype=torch.bfloat16, mat2_dtype=torch.bfloat16, output_layout=FixedLayout('cuda:0', torch.bfloat16, size=[65536, 512], stride=[512, 1])
I0316 16:37:58.253000 354230 .venv/lib/python3.10/site-packages/torch/_inductor/kernel/mm.py:738] [0/0] Tuned aten.mm: m=512, n=512, k=65536, mat1_dtype=torch.bfloat16, mat2_dtype=torch.bfloat16, output_layout=FixedLayout('cuda:0', torch.bfloat16, size=[512, 512], stride=[512, 1])
I0316 16:37:58.254000 354230 .venv/lib/python3.10/site-packages/torch/_inductor/kernel/mm.py:738] [0/0] Tuned aten.mm: m=65536, n=512, k=512, mat1_dtype=torch.bfloat16, mat2_dtype=torch.bfloat16, output_layout=FixedLayout('cuda:0', torch.bfloat16, size=[65536, 512], stride=[512, 1])
I0316 16:37:58.304000 354230 .venv/lib/python3.10/site-packages/torch/_inductor/kernel/mm.py:738] [0/0] Tuned aten.mm: m=4, n=32, k=65536, mat1_dtype=torch.bfloat16, mat2_dtype=torch.bfloat16, output_layout=FixedLayout('cuda:0', torch.bfloat16, size=[4, 32], stride=[32, 1])
I0316 16:37:58.305000 354230 .venv/lib/python3.10/site-packages/torch/_inductor/kernel/mm.py:738] [0/0] Tuned aten.mm: m=65536, n=32, k=4, mat1_dtype=torch.bfloat16, mat2_dtype=torch.bfloat16, output_layout=FixedLayout('cuda:0', torch.bfloat16, size=[65536, 32], stride=[32, 1])
I0316 16:37:58.308000 354230 .venv/lib/python3.10/site-packages/torch/_inductor/kernel/mm.py:738] [0/0] Tuned aten.mm: m=512, n=512, k=65536, mat1_dtype=torch.bfloat16, mat2_dtype=torch.bfloat16, output_layout=FixedLayout('cuda:0', torch.bfloat16, size=[512, 512], stride=[512, 1])
I0316 16:37:58.309000 354230 .venv/lib/python3.10/site-packages/torch/_inductor/kernel/mm.py:738] [0/0] Tuned aten.mm: m=65536, n=512, k=512, mat1_dtype=torch.bfloat16, mat2_dtype=torch.bfloat16, output_layout=FixedLayout('cuda:0', torch.bfloat16, size=[65536, 512], stride=[512, 1])
I0316 16:37:58.312000 354230 .venv/lib/python3.10/site-packages/torch/_inductor/kernel/mm.py:738] [0/0] Tuned aten.mm: m=512, n=512, k=65536, mat1_dtype=torch.bfloat16, mat2_dtype=torch.bfloat16, output_layout=FixedLayout('cuda:0', torch.bfloat16, size=[512, 512], stride=[512, 1])
I0316 16:37:58.313000 354230 .venv/lib/python3.10/site-packages/torch/_inductor/kernel/mm.py:738] [0/0] Tuned aten.mm: m=65536, n=512, k=512, mat1_dtype=torch.bfloat16, mat2_dtype=torch.bfloat16, output_layout=FixedLayout('cuda:0', torch.bfloat16, size=[65536, 512], stride=[512, 1])
I0316 16:37:58.316000 354230 .venv/lib/python3.10/site-packages/torch/_inductor/kernel/mm.py:738] [0/0] Tuned aten.mm: m=512, n=512, k=65536, mat1_dtype=torch.bfloat16, mat2_dtype=torch.bfloat16, output_layout=FixedLayout('cuda:0', torch.bfloat16, size=[512, 512], stride=[512, 1])
I0316 16:37:58.317000 354230 .venv/lib/python3.10/site-packages/torch/_inductor/kernel/mm.py:738] [0/0] Tuned aten.mm: m=65536, n=512, k=512, mat1_dtype=torch.bfloat16, mat2_dtype=torch.bfloat16, output_layout=FixedLayout('cuda:0', torch.bfloat16, size=[65536, 512], stride=[512, 1])
I0316 16:37:58.354000 354230 .venv/lib/python3.10/site-packages/torch/_inductor/kernel/mm.py:738] [0/0] Tuned aten.mm: m=512, n=512, k=65536, mat1_dtype=torch.bfloat16, mat2_dtype=torch.bfloat16, output_layout=FixedLayout('cuda:0', torch.bfloat16, size=[512, 512], stride=[512, 1])
I0316 16:37:58.355000 354230 .venv/lib/python3.10/site-packages/torch/_inductor/kernel/mm.py:738] [0/0] Tuned aten.mm: m=65536, n=512, k=512, mat1_dtype=torch.bfloat16, mat2_dtype=torch.bfloat16, output_layout=FixedLayout('cuda:0', torch.bfloat16, size=[65536, 512], stride=[512, 1])
I0316 16:37:58.358000 354230 .venv/lib/python3.10/site-packages/torch/_inductor/kernel/mm.py:738] [0/0] Tuned aten.mm: m=512, n=512, k=65536, mat1_dtype=torch.bfloat16, mat2_dtype=torch.bfloat16, output_layout=FixedLayout('cuda:0', torch.bfloat16, size=[512, 512], stride=[512, 1])
I0316 16:37:58.359000 354230 .venv/lib/python3.10/site-packages/torch/_inductor/kernel/mm.py:738] [0/0] Tuned aten.mm: m=65536, n=512, k=512, mat1_dtype=torch.bfloat16, mat2_dtype=torch.bfloat16, output_layout=FixedLayout('cuda:0', torch.bfloat16, size=[65536, 512], stride=[512, 1])
I0316 16:37:58.364000 354230 .venv/lib/python3.10/site-packages/torch/_inductor/kernel/mm.py:738] [0/0] Tuned aten.mm: m=512, n=2048, k=65536, mat1_dtype=torch.bfloat16, mat2_dtype=torch.bfloat16, output_layout=FixedLayout('cuda:0', torch.bfloat16, size=[512, 2048], stride=[2048, 1])
I0316 16:37:58.365000 354230 .venv/lib/python3.10/site-packages/torch/_inductor/kernel/mm.py:738] [0/0] Tuned aten.mm: m=65536, n=2048, k=512, mat1_dtype=torch.bfloat16, mat2_dtype=torch.bfloat16, output_layout=FixedLayout('cuda:0', torch.bfloat16, size=[65536, 2048], stride=[2048, 1])
I0316 16:37:58.371000 354230 .venv/lib/python3.10/site-packages/torch/_inductor/kernel/mm.py:738] [0/0] Tuned aten.mm: m=2048, n=512, k=65536, mat1_dtype=torch.bfloat16, mat2_dtype=torch.bfloat16, output_layout=FixedLayout('cuda:0', torch.bfloat16, size=[2048, 512], stride=[512, 1])
I0316 16:37:58.372000 354230 .venv/lib/python3.10/site-packages/torch/_inductor/kernel/mm.py:738] [0/0] Tuned aten.mm: m=65536, n=512, k=2048, mat1_dtype=torch.bfloat16, mat2_dtype=torch.bfloat16, output_layout=FixedLayout('cuda:0', torch.bfloat16, size=[65536, 512], stride=[512, 1])
I0316 16:37:58.384000 354230 .venv/lib/python3.10/site-packages/torch/_inductor/kernel/mm.py:738] [0/0] Tuned aten.mm: m=512, n=512, k=65536, mat1_dtype=torch.bfloat16, mat2_dtype=torch.bfloat16, output_layout=FixedLayout('cuda:0', torch.bfloat16, size=[512, 512], stride=[512, 1])
I0316 16:37:58.385000 354230 .venv/lib/python3.10/site-packages/torch/_inductor/kernel/mm.py:738] [0/0] Tuned aten.mm: m=65536, n=512, k=512, mat1_dtype=torch.bfloat16, mat2_dtype=torch.bfloat16, output_layout=FixedLayout('cuda:0', torch.bfloat16, size=[65536, 512], stride=[512, 1])
I0316 16:37:58.432000 354230 .venv/lib/python3.10/site-packages/torch/_inductor/kernel/mm.py:738] [0/0] Tuned aten.mm: m=512, n=512, k=65536, mat1_dtype=torch.bfloat16, mat2_dtype=torch.bfloat16, output_layout=FixedLayout('cuda:0', torch.bfloat16, size=[512, 512], stride=[512, 1])
I0316 16:37:58.433000 354230 .venv/lib/python3.10/site-packages/torch/_inductor/kernel/mm.py:738] [0/0] Tuned aten.mm: m=65536, n=512, k=512, mat1_dtype=torch.bfloat16, mat2_dtype=torch.bfloat16, output_layout=FixedLayout('cuda:0', torch.bfloat16, size=[65536, 512], stride=[512, 1])
I0316 16:37:58.435000 354230 .venv/lib/python3.10/site-packages/torch/_inductor/kernel/mm.py:738] [0/0] Tuned aten.mm: m=512, n=512, k=65536, mat1_dtype=torch.bfloat16, mat2_dtype=torch.bfloat16, output_layout=FixedLayout('cuda:0', torch.bfloat16, size=[512, 512], stride=[512, 1])
I0316 16:37:58.436000 354230 .venv/lib/python3.10/site-packages/torch/_inductor/kernel/mm.py:738] [0/0] Tuned aten.mm: m=65536, n=512, k=512, mat1_dtype=torch.bfloat16, mat2_dtype=torch.bfloat16, output_layout=FixedLayout('cuda:0', torch.bfloat16, size=[65536, 512], stride=[512, 1])
I0316 16:37:58.439000 354230 .venv/lib/python3.10/site-packages/torch/_inductor/kernel/mm.py:738] [0/0] Tuned aten.mm: m=512, n=512, k=65536, mat1_dtype=torch.bfloat16, mat2_dtype=torch.bfloat16, output_layout=FixedLayout('cuda:0', torch.bfloat16, size=[512, 512], stride=[512, 1])
I0316 16:37:58.440000 354230 .venv/lib/python3.10/site-packages/torch/_inductor/kernel/mm.py:738] [0/0] Tuned aten.mm: m=65536, n=512, k=512, mat1_dtype=torch.bfloat16, mat2_dtype=torch.bfloat16, output_layout=FixedLayout('cuda:0', torch.bfloat16, size=[65536, 512], stride=[512, 1])
I0316 16:37:58.451000 354230 .venv/lib/python3.10/site-packages/torch/_inductor/kernel/mm.py:738] [0/0] Tuned aten.mm: m=512, n=512, k=65536, mat1_dtype=torch.bfloat16, mat2_dtype=torch.bfloat16, output_layout=FixedLayout('cuda:0', torch.bfloat16, size=[512, 512], stride=[512, 1])
I0316 16:37:58.452000 354230 .venv/lib/python3.10/site-packages/torch/_inductor/kernel/mm.py:738] [0/0] Tuned aten.mm: m=65536, n=512, k=512, mat1_dtype=torch.bfloat16, mat2_dtype=torch.bfloat16, output_layout=FixedLayout('cuda:0', torch.bfloat16, size=[65536, 512], stride=[512, 1])
I0316 16:37:58.464000 354230 .venv/lib/python3.10/site-packages/torch/_inductor/kernel/mm.py:738] [0/0] Tuned aten.mm: m=512, n=2048, k=65536, mat1_dtype=torch.bfloat16, mat2_dtype=torch.bfloat16, output_layout=FixedLayout('cuda:0', torch.bfloat16, size=[512, 2048], stride=[2048, 1])
I0316 16:37:58.464000 354230 .venv/lib/python3.10/site-packages/torch/_inductor/kernel/mm.py:738] [0/0] Tuned aten.mm: m=65536, n=2048, k=512, mat1_dtype=torch.bfloat16, mat2_dtype=torch.bfloat16, output_layout=FixedLayout('cuda:0', torch.bfloat16, size=[65536, 2048], stride=[2048, 1])
I0316 16:37:58.471000 354230 .venv/lib/python3.10/site-packages/torch/_inductor/kernel/mm.py:738] [0/0] Tuned aten.mm: m=2048, n=512, k=65536, mat1_dtype=torch.bfloat16, mat2_dtype=torch.bfloat16, output_layout=FixedLayout('cuda:0', torch.bfloat16, size=[2048, 512], stride=[512, 1])
I0316 16:37:58.472000 354230 .venv/lib/python3.10/site-packages/torch/_inductor/kernel/mm.py:738] [0/0] Tuned aten.mm: m=65536, n=512, k=2048, mat1_dtype=torch.bfloat16, mat2_dtype=torch.bfloat16, output_layout=FixedLayout('cuda:0', torch.bfloat16, size=[65536, 512], stride=[512, 1])
I0316 16:37:58.482000 354230 .venv/lib/python3.10/site-packages/torch/_inductor/kernel/mm.py:738] [0/0] Tuned aten.mm: m=512, n=512, k=65536, mat1_dtype=torch.bfloat16, mat2_dtype=torch.bfloat16, output_layout=FixedLayout('cuda:0', torch.bfloat16, size=[512, 512], stride=[512, 1])
I0316 16:37:58.483000 354230 .venv/lib/python3.10/site-packages/torch/_inductor/kernel/mm.py:738] [0/0] Tuned aten.mm: m=65536, n=512, k=512, mat1_dtype=torch.bfloat16, mat2_dtype=torch.bfloat16, output_layout=FixedLayout('cuda:0', torch.bfloat16, size=[65536, 512], stride=[512, 1])
I0316 16:37:58.533000 354230 .venv/lib/python3.10/site-packages/torch/_inductor/kernel/mm.py:738] [0/0] Tuned aten.mm: m=4, n=32, k=65536, mat1_dtype=torch.bfloat16, mat2_dtype=torch.bfloat16, output_layout=FixedLayout('cuda:0', torch.bfloat16, size=[4, 32], stride=[32, 1])
I0316 16:37:58.534000 354230 .venv/lib/python3.10/site-packages/torch/_inductor/kernel/mm.py:738] [0/0] Tuned aten.mm: m=65536, n=32, k=4, mat1_dtype=torch.bfloat16, mat2_dtype=torch.bfloat16, output_layout=FixedLayout('cuda:0', torch.bfloat16, size=[65536, 32], stride=[32, 1])
I0316 16:37:58.537000 354230 .venv/lib/python3.10/site-packages/torch/_inductor/kernel/mm.py:738] [0/0] Tuned aten.mm: m=512, n=512, k=65536, mat1_dtype=torch.bfloat16, mat2_dtype=torch.bfloat16, output_layout=FixedLayout('cuda:0', torch.bfloat16, size=[512, 512], stride=[512, 1])
I0316 16:37:58.538000 354230 .venv/lib/python3.10/site-packages/torch/_inductor/kernel/mm.py:738] [0/0] Tuned aten.mm: m=65536, n=512, k=512, mat1_dtype=torch.bfloat16, mat2_dtype=torch.bfloat16, output_layout=FixedLayout('cuda:0', torch.bfloat16, size=[65536, 512], stride=[512, 1])
I0316 16:37:58.541000 354230 .venv/lib/python3.10/site-packages/torch/_inductor/kernel/mm.py:738] [0/0] Tuned aten.mm: m=512, n=512, k=65536, mat1_dtype=torch.bfloat16, mat2_dtype=torch.bfloat16, output_layout=FixedLayout('cuda:0', torch.bfloat16, size=[512, 512], stride=[512, 1])
I0316 16:37:58.542000 354230 .venv/lib/python3.10/site-packages/torch/_inductor/kernel/mm.py:738] [0/0] Tuned aten.mm: m=65536, n=512, k=512, mat1_dtype=torch.bfloat16, mat2_dtype=torch.bfloat16, output_layout=FixedLayout('cuda:0', torch.bfloat16, size=[65536, 512], stride=[512, 1])
I0316 16:37:58.544000 354230 .venv/lib/python3.10/site-packages/torch/_inductor/kernel/mm.py:738] [0/0] Tuned aten.mm: m=512, n=512, k=65536, mat1_dtype=torch.bfloat16, mat2_dtype=torch.bfloat16, output_layout=FixedLayout('cuda:0', torch.bfloat16, size=[512, 512], stride=[512, 1])
I0316 16:37:58.545000 354230 .venv/lib/python3.10/site-packages/torch/_inductor/kernel/mm.py:738] [0/0] Tuned aten.mm: m=65536, n=512, k=512, mat1_dtype=torch.bfloat16, mat2_dtype=torch.bfloat16, output_layout=FixedLayout('cuda:0', torch.bfloat16, size=[65536, 512], stride=[512, 1])
I0316 16:37:58.563000 354230 .venv/lib/python3.10/site-packages/torch/_inductor/kernel/mm.py:738] [0/0] Tuned aten.mm: m=512, n=2048, k=65536, mat1_dtype=torch.bfloat16, mat2_dtype=torch.bfloat16, output_layout=FixedLayout('cuda:0', torch.bfloat16, size=[512, 2048], stride=[2048, 1])
I0316 16:37:58.564000 354230 .venv/lib/python3.10/site-packages/torch/_inductor/kernel/mm.py:738] [0/0] Tuned aten.mm: m=65536, n=2048, k=512, mat1_dtype=torch.bfloat16, mat2_dtype=torch.bfloat16, output_layout=FixedLayout('cuda:0', torch.bfloat16, size=[65536, 2048], stride=[2048, 1])
I0316 16:37:58.571000 354230 .venv/lib/python3.10/site-packages/torch/_inductor/kernel/mm.py:738] [0/0] Tuned aten.mm: m=2048, n=512, k=65536, mat1_dtype=torch.bfloat16, mat2_dtype=torch.bfloat16, output_layout=FixedLayout('cuda:0', torch.bfloat16, size=[2048, 512], stride=[512, 1])
I0316 16:37:58.571000 354230 .venv/lib/python3.10/site-packages/torch/_inductor/kernel/mm.py:738] [0/0] Tuned aten.mm: m=65536, n=512, k=2048, mat1_dtype=torch.bfloat16, mat2_dtype=torch.bfloat16, output_layout=FixedLayout('cuda:0', torch.bfloat16, size=[65536, 512], stride=[512, 1])
I0316 16:37:58.581000 354230 .venv/lib/python3.10/site-packages/torch/_inductor/kernel/mm.py:738] [0/0] Tuned aten.mm: m=512, n=512, k=65536, mat1_dtype=torch.bfloat16, mat2_dtype=torch.bfloat16, output_layout=FixedLayout('cuda:0', torch.bfloat16, size=[512, 512], stride=[512, 1])
I0316 16:37:58.582000 354230 .venv/lib/python3.10/site-packages/torch/_inductor/kernel/mm.py:738] [0/0] Tuned aten.mm: m=65536, n=512, k=512, mat1_dtype=torch.bfloat16, mat2_dtype=torch.bfloat16, output_layout=FixedLayout('cuda:0', torch.bfloat16, size=[65536, 512], stride=[512, 1])
I0316 16:37:58.631000 354230 .venv/lib/python3.10/site-packages/torch/_inductor/kernel/mm.py:738] [0/0] Tuned aten.mm: m=512, n=512, k=65536, mat1_dtype=torch.bfloat16, mat2_dtype=torch.bfloat16, output_layout=FixedLayout('cuda:0', torch.bfloat16, size=[512, 512], stride=[512, 1])
I0316 16:37:58.632000 354230 .venv/lib/python3.10/site-packages/torch/_inductor/kernel/mm.py:738] [0/0] Tuned aten.mm: m=65536, n=512, k=512, mat1_dtype=torch.bfloat16, mat2_dtype=torch.bfloat16, output_layout=FixedLayout('cuda:0', torch.bfloat16, size=[65536, 512], stride=[512, 1])
I0316 16:37:58.635000 354230 .venv/lib/python3.10/site-packages/torch/_inductor/kernel/mm.py:738] [0/0] Tuned aten.mm: m=512, n=512, k=65536, mat1_dtype=torch.bfloat16, mat2_dtype=torch.bfloat16, output_layout=FixedLayout('cuda:0', torch.bfloat16, size=[512, 512], stride=[512, 1])
I0316 16:37:58.635000 354230 .venv/lib/python3.10/site-packages/torch/_inductor/kernel/mm.py:738] [0/0] Tuned aten.mm: m=65536, n=512, k=512, mat1_dtype=torch.bfloat16, mat2_dtype=torch.bfloat16, output_layout=FixedLayout('cuda:0', torch.bfloat16, size=[65536, 512], stride=[512, 1])
I0316 16:37:58.638000 354230 .venv/lib/python3.10/site-packages/torch/_inductor/kernel/mm.py:738] [0/0] Tuned aten.mm: m=512, n=512, k=65536, mat1_dtype=torch.bfloat16, mat2_dtype=torch.bfloat16, output_layout=FixedLayout('cuda:0', torch.bfloat16, size=[512, 512], stride=[512, 1])
I0316 16:37:58.639000 354230 .venv/lib/python3.10/site-packages/torch/_inductor/kernel/mm.py:738] [0/0] Tuned aten.mm: m=65536, n=512, k=512, mat1_dtype=torch.bfloat16, mat2_dtype=torch.bfloat16, output_layout=FixedLayout('cuda:0', torch.bfloat16, size=[65536, 512], stride=[512, 1])
I0316 16:38:00.026000 354230 .venv/lib/python3.10/site-packages/torch/_inductor/memory.py:880] [0/0] Reordering for peak memory -- 389 nodes
I0316 16:38:00.042000 354230 .venv/lib/python3.10/site-packages/torch/_inductor/memory.py:904] [0/0] Baseline peak memory: 25565454536
I0316 16:38:00.046000 354230 .venv/lib/python3.10/site-packages/torch/_inductor/memory.py:922] [0/0] topological_sort_lpmf peak memory: 27461287156
I0316 16:38:00.049000 354230 .venv/lib/python3.10/site-packages/torch/_inductor/memory.py:922] [0/0] topological_sort_bfs peak memory: 27525112440
I0316 16:38:00.051000 354230 .venv/lib/python3.10/site-packages/torch/_inductor/memory.py:922] [0/0] topological_sort_dfs peak memory: 26870930872
I0316 16:38:02.713000 354230 .venv/lib/python3.10/site-packages/torch/_inductor/runtime/triton_heuristics.py:1539] [0/0] Bypassing StaticallyLaunchedCudaKernel due to Cubin path not found: /tmp/torchinductor_hata/triton/0/PDIAKWLJ7HDDKAU3IQVZU4HGE7VZ2PRNFKOZIUICJO6ZDMUE5QBQ/triton_red_fused__log_softmax__log_softmax_backward_data__to_copy__unsafe_view_add_div_expand_mul_nll_loss_backward_nll_loss_forward_slice_backward_tanh_tanh_backward_view_2.cubin
I0316 16:38:06.344000 354230 .venv/lib/python3.10/site-packages/torch/_inductor/runtime/triton_heuristics.py:1539] [0/0] Bypassing StaticallyLaunchedCudaKernel due to Cubin path not found: /tmp/torchinductor_hata/triton/0/BCW6Q2XZNKWUOPLOFHX2PWBDFCFBTW2QBWES5POB5BRANZXN2RZA/triton_red_fused__fused_rms_norm_backward__to_copy__unsafe_view_add_clamp_div_exp_expand_ge_le_logical_and_mul_neg_pow_scalar_tensor_slice_backward_sum_view_where_27.cubin
I0316 16:38:06.554000 354230 .venv/lib/python3.10/site-packages/torch/_inductor/runtime/triton_heuristics.py:1539] [0/0] Bypassing StaticallyLaunchedCudaKernel due to Cubin path not found: /tmp/torchinductor_hata/triton/0/FPXI27SMUHBB3I3MOOF2ICRYCKMPRORS4Z33GMQEGH4K42OMVJQQ/triton_red_fused__fused_rms_norm_backward__to_copy__unsafe_view_add_clamp_div_exp_expand_ge_le_logical_and_mul_neg_pow_scalar_tensor_slice_backward_sum_view_where_27.cubin
I0316 16:38:06.776000 354230 .venv/lib/python3.10/site-packages/torch/_inductor/runtime/triton_heuristics.py:1539] [0/0] Bypassing StaticallyLaunchedCudaKernel due to Cubin path not found: /tmp/torchinductor_hata/triton/0/KKQWFGM3SBKYID5E4RORGHCKZYUPCZP4CHEG6JJAAKVN7XVJKWWA/triton_red_fused__fused_rms_norm_backward__to_copy__unsafe_view_add_clamp_div_exp_expand_ge_le_logical_and_mul_neg_pow_scalar_tensor_slice_backward_sum_view_where_27.cubin
I0316 16:38:06.964000 354230 .venv/lib/python3.10/site-packages/torch/_inductor/runtime/triton_heuristics.py:1539] [0/0] Bypassing StaticallyLaunchedCudaKernel due to Cubin path not found: /tmp/torchinductor_hata/triton/0/NBNISEKEPTQQDUOYMNC5JJPWHXJB2O346NO5UVYKVO5A4MKXIU6Q/triton_red_fused__fused_rms_norm_backward__to_copy__unsafe_view_add_clamp_div_exp_expand_ge_le_logical_and_mul_neg_pow_scalar_tensor_slice_backward_sum_view_where_27.cubin
I0316 16:38:07.148000 354230 .venv/lib/python3.10/site-packages/torch/_inductor/runtime/triton_heuristics.py:1539] [0/0] Bypassing StaticallyLaunchedCudaKernel due to Cubin path not found: /tmp/torchinductor_hata/triton/0/NZ42QRR7UDBENLG7NPL77UVTP3FJDGAKMNK5WCZ2ORYVJFPIOPYA/triton_red_fused__fused_rms_norm_backward__to_copy__unsafe_view_add_clamp_div_exp_expand_ge_le_logical_and_mul_neg_pow_scalar_tensor_slice_backward_sum_view_where_27.cubin
I0316 16:38:07.336000 354230 .venv/lib/python3.10/site-packages/torch/_inductor/runtime/triton_heuristics.py:1539] [0/0] Bypassing StaticallyLaunchedCudaKernel due to Cubin path not found: /tmp/torchinductor_hata/triton/0/TKO6CLHO773LNGCRCTYTI722M6GNZWWXGWTTMPIYQ23NUBWBWCUQ/triton_red_fused__fused_rms_norm_backward__to_copy__unsafe_view_add_clamp_div_exp_expand_ge_le_logical_and_mul_neg_pow_scalar_tensor_slice_backward_sum_view_where_27.cubin
I0316 16:38:09.337000 354230 .venv/lib/python3.10/site-packages/torch/_inductor/analysis/device_info.py:181] [0/0] Device NVIDIA GeForce RTX 4080 not in datasheet, returning None
I0316 16:38:09.346000 354230 .venv/lib/python3.10/site-packages/torch/_inductor/analysis/device_info.py:181] [0/0] Device NVIDIA GeForce RTX 4080 not in datasheet, returning None
I0316 16:38:09.356000 354230 .venv/lib/python3.10/site-packages/torch/_inductor/analysis/device_info.py:181] [0/0] Device NVIDIA GeForce RTX 4080 not in datasheet, returning None
I0316 16:38:09.365000 354230 .venv/lib/python3.10/site-packages/torch/_inductor/analysis/device_info.py:181] [0/0] Device NVIDIA GeForce RTX 4080 not in datasheet, returning None
I0316 16:38:09.368000 354230 .venv/lib/python3.10/site-packages/torch/_inductor/analysis/device_info.py:181] [0/0] Device NVIDIA GeForce RTX 4080 not in datasheet, returning None
I0316 16:38:09.375000 354230 .venv/lib/python3.10/site-packages/torch/_inductor/analysis/device_info.py:181] [0/0] Device NVIDIA GeForce RTX 4080 not in datasheet, returning None
I0316 16:38:09.385000 354230 .venv/lib/python3.10/site-packages/torch/_inductor/analysis/device_info.py:181] [0/0] Device NVIDIA GeForce RTX 4080 not in datasheet, returning None
I0316 16:38:09.388000 354230 .venv/lib/python3.10/site-packages/torch/_inductor/analysis/device_info.py:181] [0/0] Device NVIDIA GeForce RTX 4080 not in datasheet, returning None
I0316 16:38:09.395000 354230 .venv/lib/python3.10/site-packages/torch/_inductor/analysis/device_info.py:181] [0/0] Device NVIDIA GeForce RTX 4080 not in datasheet, returning None
I0316 16:38:09.438000 354230 .venv/lib/python3.10/site-packages/torch/_inductor/analysis/device_info.py:181] [0/0] Device NVIDIA GeForce RTX 4080 not in datasheet, returning None
I0316 16:38:09.459000 354230 .venv/lib/python3.10/site-packages/torch/_inductor/triton_bundler.py:197] [0/0] Saving 43 statically launchable CachingAutotuners
I0316 16:38:09.459000 354230 .venv/lib/python3.10/site-packages/torch/fx/experimental/symbolic_shapes.py:5242] [0/0] produce_guards
I0316 16:38:09.489000 354230 .venv/lib/python3.10/site-packages/torch/_inductor/compile_fx.py:1094] [0/0] Overview info of inductor aten mms: 
I0316 16:38:09.489000 354230 .venv/lib/python3.10/site-packages/torch/_inductor/compile_fx.py:1095] [0/0] Name                           | B                    | M                    | N                    | K                    | Count               
I0316 16:38:09.490000 354230 .venv/lib/python3.10/site-packages/torch/_inductor/compile_fx.py:1100] [0/0] ----------------------------------------------------------------------------------------------------------------------------------
I0316 16:38:09.490000 354230 .venv/lib/python3.10/site-packages/torch/_inductor/compile_fx.py:1102] [0/0] aten.mm                        | -                    | 65536                | 512                  | 512                  | 104                 
I0316 16:38:09.490000 354230 .venv/lib/python3.10/site-packages/torch/_inductor/compile_fx.py:1103] [0/0] ----------------------------------------------------------------------------------------------------------------------------------
I0316 16:38:09.490000 354230 .venv/lib/python3.10/site-packages/torch/_inductor/compile_fx.py:1102] [0/0] aten.mm                        | -                    | 65536                | 2048                 | 512                  | 16                  
I0316 16:38:09.490000 354230 .venv/lib/python3.10/site-packages/torch/_inductor/compile_fx.py:1103] [0/0] ----------------------------------------------------------------------------------------------------------------------------------
I0316 16:38:09.490000 354230 .venv/lib/python3.10/site-packages/torch/_inductor/compile_fx.py:1102] [0/0] aten.mm                        | -                    | 65536                | 512                  | 2048                 | 16                  
I0316 16:38:09.490000 354230 .venv/lib/python3.10/site-packages/torch/_inductor/compile_fx.py:1103] [0/0] ----------------------------------------------------------------------------------------------------------------------------------
I0316 16:38:09.490000 354230 .venv/lib/python3.10/site-packages/torch/_inductor/compile_fx.py:1102] [0/0] aten.mm                        | -                    | 65536                | 4                    | 32                   | 4                   
I0316 16:38:09.491000 354230 .venv/lib/python3.10/site-packages/torch/_inductor/compile_fx.py:1103] [0/0] ----------------------------------------------------------------------------------------------------------------------------------
I0316 16:38:09.491000 354230 .venv/lib/python3.10/site-packages/torch/_inductor/compile_fx.py:1102] [0/0] aten.addmm                     | -                    | 65536                | 1                    | 512                  | 7                   
I0316 16:38:09.491000 354230 .venv/lib/python3.10/site-packages/torch/_inductor/compile_fx.py:1103] [0/0] ----------------------------------------------------------------------------------------------------------------------------------
I0316 16:38:09.491000 354230 .venv/lib/python3.10/site-packages/torch/_inductor/compile_fx.py:1102] [0/0] aten.mm                        | -                    | 65536                | 8192                 | 512                  | 1                   
I0316 16:38:09.491000 354230 .venv/lib/python3.10/site-packages/torch/_inductor/compile_fx.py:1103] [0/0] ----------------------------------------------------------------------------------------------------------------------------------
I0316 16:38:09.491000 354230 .venv/lib/python3.10/site-packages/torch/_inductor/compile_fx.py:1102] [0/0] aten.mm                        | -                    | 8192                 | 512                  | 65536                | 1                   
I0316 16:38:09.491000 354230 .venv/lib/python3.10/site-packages/torch/_inductor/compile_fx.py:1103] [0/0] ----------------------------------------------------------------------------------------------------------------------------------
I0316 16:38:09.491000 354230 .venv/lib/python3.10/site-packages/torch/_inductor/compile_fx.py:1102] [0/0] aten.mm                        | -                    | 65536                | 512                  | 8192                 | 1                   
I0316 16:38:09.491000 354230 .venv/lib/python3.10/site-packages/torch/_inductor/compile_fx.py:1103] [0/0] ----------------------------------------------------------------------------------------------------------------------------------
I0316 16:38:09.491000 354230 .venv/lib/python3.10/site-packages/torch/_inductor/compile_fx.py:1102] [0/0] aten.mm                        | -                    | 65536                | 512                  | 1                    | 7                   
I0316 16:38:09.491000 354230 .venv/lib/python3.10/site-packages/torch/_inductor/compile_fx.py:1103] [0/0] ----------------------------------------------------------------------------------------------------------------------------------
I0316 16:38:09.491000 354230 .venv/lib/python3.10/site-packages/torch/_inductor/compile_fx.py:1102] [0/0] aten.mm                        | -                    | 1                    | 512                  | 65536                | 7                   
I0316 16:38:09.491000 354230 .venv/lib/python3.10/site-packages/torch/_inductor/compile_fx.py:1103] [0/0] ----------------------------------------------------------------------------------------------------------------------------------
I0316 16:38:09.491000 354230 .venv/lib/python3.10/site-packages/torch/_inductor/compile_fx.py:1102] [0/0] aten.mm                        | -                    | 512                  | 512                  | 65536                | 52                  
I0316 16:38:09.491000 354230 .venv/lib/python3.10/site-packages/torch/_inductor/compile_fx.py:1103] [0/0] ----------------------------------------------------------------------------------------------------------------------------------
I0316 16:38:09.492000 354230 .venv/lib/python3.10/site-packages/torch/_inductor/compile_fx.py:1102] [0/0] aten.mm                        | -                    | 512                  | 2048                 | 65536                | 8                   
I0316 16:38:09.492000 354230 .venv/lib/python3.10/site-packages/torch/_inductor/compile_fx.py:1103] [0/0] ----------------------------------------------------------------------------------------------------------------------------------
I0316 16:38:09.492000 354230 .venv/lib/python3.10/site-packages/torch/_inductor/compile_fx.py:1102] [0/0] aten.mm                        | -                    | 2048                 | 512                  | 65536                | 8                   
I0316 16:38:09.492000 354230 .venv/lib/python3.10/site-packages/torch/_inductor/compile_fx.py:1103] [0/0] ----------------------------------------------------------------------------------------------------------------------------------
I0316 16:38:09.492000 354230 .venv/lib/python3.10/site-packages/torch/_inductor/compile_fx.py:1102] [0/0] aten.mm                        | -                    | 4                    | 32                   | 65536                | 4                   
I0316 16:38:09.492000 354230 .venv/lib/python3.10/site-packages/torch/_inductor/compile_fx.py:1103] [0/0] ----------------------------------------------------------------------------------------------------------------------------------
I0316 16:38:09.492000 354230 .venv/lib/python3.10/site-packages/torch/_inductor/compile_fx.py:1102] [0/0] aten.mm                        | -                    | 65536                | 32                   | 4                    | 4                   
I0316 16:38:09.492000 354230 .venv/lib/python3.10/site-packages/torch/_inductor/compile_fx.py:1103] [0/0] ----------------------------------------------------------------------------------------------------------------------------------
I0316 16:38:09.492000 354230 .venv/lib/python3.10/site-packages/torch/_inductor/compile_fx.py:1109] [0/0] Step 3: torchinductor done compiling BACKWARDS graph 0
  kernel pre-warm done in 42s
GPU memory after compile: 0.20GB allocated, 0.28GB reserved
Prefetching first batch...
Time budget: 1200s
Gradient accumulation steps: 8
Starting training loop...
step 00000 (0.0%) | loss: 10.813275 | pc_loss: 0.015862 | lrm: 1.00 | dt: 29149ms | tok/sec: 17,986 | mfu: 0.5% | epoch: 1 | remaining: 1200s    step 00001 (0.0%) | loss: 10.813082 | pc_loss: 8.130677 | lrm: 1.00 | dt: 645833ms | tok/sec: 811 | mfu: 0.0% | epoch: 1 | remaining: 1200s    step 00002 (0.0%) | loss: 11.037061 | pc_loss: 16012055.000000 | lrm: 1.00 | dt: 73215ms | tok/sec: 7,160 | mfu: 0.2% | epoch: 1 | remaining: 1200s    step 00003 (0.0%) | loss: 10.929778 | pc_loss: 27910940.000000 | lrm: 1.00 | dt: 60605ms | tok/sec: 8,650 | mfu: 0.2% | epoch: 1 | remaining: 1200s    step 00004 (0.0%) | loss: 10.998887 | pc_loss: 1800665344.000000 | lrm: 1.00 | dt: 114350ms | tok/sec: 4,584 | mfu: 0.1% | epoch: 1 | remaining: 1200s    
[train] Received SIGTERM — flushing GPU and exiting cleanly.
